sensor_temp,max_temp,voltage,current,label
299.3500061035156,300.3500061035156,3.861999988555908,2.2990000247955322,0.0
299.3492126464844,300.3500061035156,3.9609999656677246,2.319999933242798,0.0
299.44842529296875,300.45001220703125,3.9739999771118164,2.2880001068115234,0.0
299.34759521484375,300.3500061035156,3.9800000190734863,2.203000068664551,0.0
299.3468017578125,300.3500061035156,3.9860000610351562,2.2730000019073486,0.0
299.34600830078125,300.3500061035156,4.0,2.246000051498413,0.0
299.34521484375,300.3500061035156,4.002999782562256,2.302999973297119,0.0
299.44439697265625,300.45001220703125,4.01200008392334,2.3440001010894775,0.0
299.3435974121094,300.3500061035156,4.02400016784668,2.3329999446868896,0.0
299.3428039550781,300.3500061035156,4.0229997634887695,2.3420000076293945,0.0
299.3420104980469,300.3500061035156,4.031000137329102,2.3610000610351562,0.0
299.2411804199219,300.25,4.041999816894531,2.2869999408721924,0.0
299.4403991699219,300.45001220703125,4.047999858856201,2.36899995803833,0.0
299.2395935058594,300.25,4.051000118255615,2.321000099182129,0.0
299.2388000488281,300.25,4.065999984741211,2.321000099182129,0.0
299.1379699707031,300.1499938964844,4.056000232696533,2.2769999504089355,0.0
299.2371826171875,300.25,4.061999797821045,2.2780001163482666,0.0
299.23638916015625,300.25,4.073999881744385,2.2739999294281006,0.0
299.1355895996094,300.1499938964844,4.072999954223633,2.306999921798706,0.0
299.23480224609375,300.25,4.078999996185303,2.2730000019073486,0.0
299.2339782714844,300.25,4.080999851226807,2.2850000858306885,0.0
299.1331787109375,300.1499938964844,4.093999862670898,2.3589999675750732,0.0
299.13238525390625,300.1499938964844,4.09499979019165,2.263000011444092,0.0
299.2315979003906,300.25,4.107999801635742,2.2769999504089355,0.0
299.1307678222656,300.1499938964844,4.10699987411499,2.2139999866485596,0.0
299.02996826171875,300.04998779296875,4.11899995803833,2.3499999046325684,0.0
299.22918701171875,300.25,4.107999801635742,2.2909998893737793,0.0
299.2283935546875,300.25,4.13100004196167,2.2829999923706055,0.0
299.1275634765625,300.1499938964844,4.132999897003174,2.321000099182129,0.0
299.2267761230469,300.25,4.13100004196167,2.2669999599456787,0.0
299.32598876953125,300.3500061035156,4.139999866485596,2.3269999027252197,0.0
299.12518310546875,300.1499938964844,4.142000198364258,2.2929999828338623,0.0
299.1243591308594,300.1499938964844,4.142000198364258,2.2829999923706055,0.0
299.1235656738281,300.1499938964844,4.156000137329102,2.3310000896453857,0.0
299.1227722167969,300.1499938964844,4.1539998054504395,2.3389999866485596,0.0
299.1219787597656,300.1499938964844,4.159999847412109,2.315000057220459,0.0
299.02117919921875,300.04998779296875,4.169000148773193,2.3450000286102295,0.0
299.120361328125,300.1499938964844,4.171000003814697,2.302999973297119,0.0
299.11956787109375,300.1499938964844,4.166999816894531,2.2720000743865967,0.0
299.0187683105469,300.04998779296875,4.179999828338623,2.2899999618530273,0.0
299.0179748535156,300.04998779296875,4.175000190734863,2.257999897003174,0.0
299.01715087890625,300.04998779296875,4.171000003814697,2.311000108718872,0.0
299.1163635253906,300.1499938964844,4.183000087738037,2.259999990463257,0.0
299.01556396484375,300.04998779296875,4.178999900817871,2.196000099182129,0.0
299.1147766113281,300.1499938964844,4.188000202178955,2.305000066757202,0.0
299.11395263671875,300.1499938964844,4.206999778747559,2.309999942779541,0.0
299.2131652832031,300.25,4.196000099182129,2.3320000171661377,0.0
299.11236572265625,300.1499938964844,4.214000225067139,2.316999912261963,0.0
299.111572265625,300.1499938964844,4.209000110626221,2.249000072479248,0.0
299.1107482910156,300.1499938964844,4.193999767303467,2.2730000019073486,0.0
299.1099548339844,300.1499938964844,4.206999778747559,2.2720000743865967,0.0
299.0091552734375,300.04998779296875,4.209000110626221,2.265000104904175,0.0
299.1083679199219,300.1499938964844,4.2170000076293945,2.263000011444092,0.0
299.1075744628906,300.1499938964844,4.216000080108643,2.2869999408721924,0.0
299.10675048828125,300.1499938964844,4.236000061035156,2.3510000705718994,0.0
299.0059509277344,300.04998779296875,4.232999801635742,2.2699999809265137,0.0
299.10516357421875,300.1499938964844,4.236000061035156,2.2660000324249268,0.0
299.1043701171875,300.1499938964844,4.2210001945495605,2.2890000343322754,0.0
298.903564453125,299.95001220703125,4.235000133514404,2.2230000495910645,0.0
298.90277099609375,299.95001220703125,4.24399995803833,2.2850000858306885,0.0
299.1019592285156,300.1499938964844,4.254000186920166,2.319000005722046,0.0
299.1011657714844,300.1499938964844,4.255000114440918,2.316999912261963,0.0
299.100341796875,300.1499938964844,4.250999927520752,2.2809998989105225,0.0
299.09954833984375,300.1499938964844,4.24399995803833,2.3329999446868896,0.0
299.0987548828125,300.1499938964844,4.251999855041504,2.2929999828338623,0.0
298.9979553222656,300.04998779296875,4.26200008392334,2.2739999294281006,0.0
298.99713134765625,300.04998779296875,4.251999855041504,2.2709999084472656,0.0
298.996337890625,300.04998779296875,4.263999938964844,2.2909998893737793,0.0
298.99554443359375,300.04998779296875,4.247000217437744,2.328000068664551,0.0
298.9947509765625,300.04998779296875,4.260000228881836,2.2720000743865967,0.0
298.99395751953125,300.04998779296875,4.26200008392334,2.2829999923706055,0.0
298.9931335449219,300.04998779296875,4.270999908447266,2.259999990463257,0.0
298.9923400878906,300.04998779296875,4.281000137329102,2.302999973297119,0.0
298.8915710449219,299.95001220703125,4.2789998054504395,2.174999952316284,0.0
298.8907775878906,299.95001220703125,4.281000137329102,2.2720000743865967,0.0
298.88995361328125,299.95001220703125,4.2870001792907715,2.312999963760376,0.0
298.88916015625,299.95001220703125,4.284999847412109,2.2639999389648438,0.0
298.88836669921875,299.95001220703125,4.28000020980835,2.260999917984009,0.0
298.8875732421875,299.95001220703125,4.285999774932861,2.2780001163482666,0.0
298.8867492675781,299.95001220703125,4.284999847412109,2.252000093460083,0.0
298.8859558105469,299.95001220703125,4.285999774932861,2.2790000438690186,0.0
298.8851623535156,299.95001220703125,4.284999847412109,2.25,0.0
298.8843688964844,299.95001220703125,4.296000003814697,2.2720000743865967,0.0
298.883544921875,299.95001220703125,4.298999786376953,2.3529999256134033,0.0
298.88275146484375,299.95001220703125,4.290999889373779,2.3350000381469727,0.0
298.8819580078125,299.95001220703125,4.302000045776367,2.302999973297119,0.0
298.7811584472656,299.8500061035156,4.294000148773193,2.2219998836517334,0.0
298.88037109375,299.95001220703125,4.302999973297119,2.318000078201294,0.0
298.8795471191406,299.95001220703125,4.309000015258789,2.2790000438690186,0.0
298.8787536621094,299.95001220703125,4.314000129699707,2.3269999027252197,0.0
298.8779602050781,299.95001220703125,4.310999870300293,2.265000104904175,0.0
298.8771667480469,299.95001220703125,4.303999900817871,2.2869999408721924,0.0
298.7763366699219,299.8500061035156,4.322000026702881,2.256999969482422,0.0
298.87554931640625,299.95001220703125,4.317999839782715,2.2790000438690186,0.0
298.874755859375,299.95001220703125,4.311999797821045,2.2660000324249268,0.0
298.87396240234375,299.95001220703125,4.318999767303467,2.2990000247955322,0.0
298.9731140136719,300.04998779296875,4.318999767303467,2.321000099182129,0.0
298.9723205566406,300.04998779296875,4.315999984741211,2.2290000915527344,0.0
298.9715270996094,300.04998779296875,4.324999809265137,2.2929999828338623,0.0
298.770751953125,299.8500061035156,4.320000171661377,2.2929999828338623,0.0
298.96990966796875,300.04998779296875,4.333000183105469,2.2820000648498535,0.0
298.9691162109375,300.04998779296875,4.328999996185303,2.2980000972747803,0.0
298.86834716796875,299.95001220703125,4.322999954223633,2.2660000324249268,0.0
299.0675354003906,300.1499938964844,4.335999965667725,2.3420000076293945,0.0
298.96673583984375,300.04998779296875,4.335000038146973,2.2869999408721924,0.0
298.9659118652344,300.04998779296875,4.333000183105469,2.3410000801086426,0.0
298.9651184082031,300.04998779296875,4.3460001945495605,2.315000057220459,0.0
298.9643249511719,300.04998779296875,4.3429999351501465,2.247999906539917,0.0
298.9635314941406,300.04998779296875,4.343999862670898,2.3529999256134033,0.0
298.96270751953125,300.04998779296875,4.339000225067139,2.3589999675750732,0.0
298.9619140625,300.04998779296875,4.35099983215332,2.246999979019165,0.0
298.86114501953125,299.95001220703125,4.35699987411499,2.3559999465942383,0.0
298.7603454589844,299.8500061035156,4.357999801635742,2.2939999103546143,0.0
298.8595275878906,299.95001220703125,4.353000164031982,2.2920000553131104,0.0
298.8587341308594,299.95001220703125,4.367000102996826,2.2639999389648438,0.0
298.8579406738281,299.95001220703125,4.359000205993652,2.2049999237060547,0.0
298.75714111328125,299.8500061035156,4.366000175476074,2.244999885559082,0.0
298.7563171386719,299.8500061035156,4.36299991607666,2.243000030517578,0.0
298.7555236816406,299.8500061035156,4.355999946594238,2.3359999656677246,0.0
298.854736328125,299.95001220703125,4.355999946594238,2.2709999084472656,0.0
298.85394287109375,299.95001220703125,4.382999897003174,2.2690000534057617,0.0
298.8531494140625,299.95001220703125,4.36299991607666,2.3610000610351562,0.0
298.8523254394531,299.95001220703125,4.367000102996826,2.3410000801086426,0.0
298.8515319824219,299.95001220703125,4.36299991607666,2.2960000038146973,0.0
298.750732421875,299.8500061035156,4.367000102996826,2.243000030517578,0.0
298.8499450683594,299.95001220703125,4.368000030517578,2.2699999809265137,0.0
298.84912109375,299.95001220703125,4.370999813079834,2.2699999809265137,0.0
298.84832763671875,299.95001220703125,4.377999782562256,2.296999931335449,0.0
298.8475341796875,299.95001220703125,4.375,2.302999973297119,0.0
298.84674072265625,299.95001220703125,4.379000186920166,2.309999942779541,0.0
298.8459167480469,299.95001220703125,4.376999855041504,2.3369998931884766,0.0
298.8451232910156,299.95001220703125,4.381999969482422,2.2709999084472656,0.0
298.8443298339844,299.95001220703125,4.383999824523926,2.247999906539917,0.0
298.7435302734375,299.8500061035156,4.370999813079834,2.255000114440918,0.0
298.84271240234375,299.95001220703125,4.38100004196167,2.2750000953674316,0.0
298.8419189453125,299.95001220703125,4.376999855041504,2.3299999237060547,0.0
298.84112548828125,299.95001220703125,4.385000228881836,2.316999912261963,0.0
298.84033203125,299.95001220703125,4.383999824523926,2.234999895095825,0.0
298.83953857421875,299.95001220703125,4.385000228881836,2.305999994277954,0.0
298.9386901855469,300.04998779296875,4.386000156402588,2.322000026702881,0.0
298.9378967285156,300.04998779296875,4.394000053405762,2.257999897003174,0.0
298.73712158203125,299.8500061035156,4.383999824523926,2.325000047683716,0.0
298.8363342285156,299.95001220703125,4.383999824523926,2.257999897003174,0.0
298.83551025390625,299.95001220703125,4.388999938964844,2.3310000896453857,0.0
298.7347106933594,299.8500061035156,4.39300012588501,2.3399999141693115,0.0
298.83392333984375,299.95001220703125,4.394000053405762,2.312000036239624,0.0
298.8331298828125,299.95001220703125,4.388000011444092,2.263000011444092,0.0
298.7322998046875,299.8500061035156,4.39900016784668,2.328000068664551,0.0
298.73150634765625,299.8500061035156,4.392000198364258,2.2039999961853027,0.0
298.730712890625,299.8500061035156,4.3979997634887695,2.2760000228881836,0.0
298.72991943359375,299.8500061035156,4.395999908447266,2.2929999828338623,0.0
298.62908935546875,299.75,4.39300012588501,2.2219998836517334,0.0
298.7283020019531,299.8500061035156,4.3979997634887695,2.380000114440918,0.0
298.7275085449219,299.8500061035156,4.400000095367432,2.319999933242798,0.0
298.7267150878906,299.8500061035156,4.394000053405762,2.302999973297119,0.0
298.7259216308594,299.8500061035156,4.4029998779296875,2.2739999294281006,0.0
298.72509765625,299.8500061035156,4.395999908447266,2.3480000495910645,0.0
298.72430419921875,299.8500061035156,4.3979997634887695,2.25,0.0
298.8235168457031,299.95001220703125,4.4120001792907715,2.296999931335449,0.0
298.72271728515625,299.8500061035156,4.401000022888184,2.299999952316284,0.0
298.62188720703125,299.75,4.406000137329102,2.3289999961853027,0.0
298.62109375,299.75,4.413000106811523,2.2639999389648438,0.0
298.62030029296875,299.75,4.395999908447266,2.255000114440918,0.0
298.6195068359375,299.75,4.4070000648498535,2.2920000553131104,0.0
298.6186828613281,299.75,4.401000022888184,2.316999912261963,0.0
298.6178894042969,299.75,4.4079999923706055,2.3320000171661377,0.0
298.6170959472656,299.75,4.414000034332275,2.2960000038146973,0.0
298.6163024902344,299.75,4.4070000648498535,2.371000051498413,0.0
298.615478515625,299.75,4.409999847412109,2.2839999198913574,0.0
298.61468505859375,299.75,4.4120001792907715,2.36899995803833,0.0
298.6138916015625,299.75,4.418000221252441,2.3440001010894775,0.0
298.61309814453125,299.75,4.409999847412109,2.2839999198913574,0.0
298.6123046875,299.75,4.408999919891357,2.2179999351501465,0.0
298.6114807128906,299.75,4.414000034332275,2.3459999561309814,0.0
298.8106994628906,299.95001220703125,4.421999931335449,2.328000068664551,0.0
298.70989990234375,299.8500061035156,4.418000221252441,2.3239998817443848,0.0
298.7091064453125,299.8500061035156,4.418000221252441,2.365000009536743,0.0
298.7082824707031,299.8500061035156,4.415999889373779,2.2939999103546143,0.0
298.7074890136719,299.8500061035156,4.409999847412109,2.2820000648498535,0.0
298.7066955566406,299.8500061035156,4.421999931335449,2.3440001010894775,0.0
298.7059020996094,299.8500061035156,4.409999847412109,2.25600004196167,0.0
298.705078125,299.8500061035156,4.423999786376953,2.2880001068115234,0.0
298.70428466796875,299.8500061035156,4.416999816894531,2.328000068664551,0.0
298.7034912109375,299.8500061035156,4.418000221252441,2.194999933242798,0.0
298.70269775390625,299.8500061035156,4.421999931335449,2.368000030517578,0.0
298.7018737792969,299.8500061035156,4.421999931335449,2.252000093460083,0.0
298.80108642578125,299.95001220703125,4.421000003814697,2.256999969482422,0.0
298.80029296875,299.95001220703125,4.422999858856201,2.365999937057495,0.0
298.79949951171875,299.95001220703125,4.421000003814697,2.26200008392334,0.0
298.7987060546875,299.95001220703125,4.420000076293945,2.2720000743865967,0.0
298.7978820800781,299.95001220703125,4.408999919891357,2.26200008392334,0.0
298.69708251953125,299.8500061035156,4.421999931335449,2.319999933242798,0.0
298.6962890625,299.8500061035156,4.433000087738037,2.3329999446868896,0.0
298.69549560546875,299.8500061035156,4.423999786376953,2.3440001010894775,0.0
298.794677734375,299.95001220703125,4.423999786376953,2.2760000228881836,0.0
298.6938781738281,299.8500061035156,4.431000232696533,2.2709999084472656,0.0
298.6930847167969,299.8500061035156,4.427999973297119,2.25600004196167,0.0
298.79229736328125,299.95001220703125,4.422999858856201,2.2960000038146973,0.0
298.7914733886719,299.95001220703125,4.435999870300293,2.2760000228881836,0.0
298.690673828125,299.8500061035156,4.423999786376953,2.2709999084472656,0.0
298.68988037109375,299.8500061035156,4.422999858856201,2.265000104904175,0.0
298.7890930175781,299.95001220703125,4.422999858856201,2.247999906539917,0.0
298.6882629394531,299.8500061035156,4.422999858856201,2.3420000076293945,0.0
298.6874694824219,299.8500061035156,4.433000087738037,2.299999952316284,0.0
298.6866760253906,299.8500061035156,4.435999870300293,2.321000099182129,0.0
298.6858825683594,299.8500061035156,4.435999870300293,2.325000047683716,0.0
298.78509521484375,299.95001220703125,4.421999931335449,2.2739999294281006,0.0
298.7842712402344,299.95001220703125,4.431000232696533,2.3440001010894775,0.0
298.6834716796875,299.8500061035156,4.429999828338623,2.2890000343322754,0.0
298.7826843261719,299.95001220703125,4.434000015258789,2.311000108718872,0.0
298.681884765625,299.8500061035156,4.419000148773193,2.2739999294281006,0.0
298.6810607910156,299.8500061035156,4.436999797821045,2.302000045776367,0.0
298.7802734375,299.95001220703125,4.428999900817871,2.2679998874664307,0.0
298.77947998046875,299.95001220703125,4.422999858856201,2.2780001163482666,0.0
298.7786865234375,299.95001220703125,4.418000221252441,2.365999937057495,0.0
298.7778625488281,299.95001220703125,4.427000045776367,2.3350000381469727,0.0
298.67706298828125,299.8500061035156,4.423999786376953,2.3489999771118164,0.0
298.67626953125,299.8500061035156,4.433000087738037,2.296999931335449,0.0
298.7754821777344,299.95001220703125,4.432000160217285,2.2669999599456787,0.0
298.8746337890625,300.04998779296875,4.438000202178955,2.3519999980926514,0.0
298.87384033203125,300.04998779296875,4.426000118255615,2.252000093460083,0.0
298.873046875,300.04998779296875,4.431000232696533,2.239000082015991,0.0
298.87225341796875,300.04998779296875,4.428999900817871,2.2690000534057617,0.0
298.8714599609375,300.04998779296875,4.421999931335449,2.3510000705718994,0.0
298.670654296875,299.8500061035156,4.427999973297119,2.25600004196167,0.0
298.7698669433594,299.95001220703125,4.428999900817871,2.2669999599456787,0.0
298.7690734863281,299.95001220703125,4.427999973297119,2.2170000076293945,0.0
298.7682800292969,299.95001220703125,4.432000160217285,2.3350000381469727,0.0
298.6674499511719,299.8500061035156,4.427000045776367,2.3310000896453857,0.0
298.76666259765625,299.95001220703125,4.440999984741211,2.3519999980926514,0.0
298.6658630371094,299.8500061035156,4.440999984741211,2.2860000133514404,0.0
298.6650695800781,299.8500061035156,4.438000202178955,2.3269999027252197,0.0
298.7642517089844,299.95001220703125,4.441999912261963,2.263000011444092,0.0
298.6634521484375,299.8500061035156,4.432000160217285,2.2720000743865967,0.0
298.7626647949219,299.95001220703125,4.425000190734863,2.234999895095825,0.0
298.7618713378906,299.95001220703125,4.434999942779541,2.2890000343322754,0.0
298.76104736328125,299.95001220703125,4.433000087738037,2.322000026702881,0.0
298.76025390625,299.95001220703125,4.434999942779541,2.3320000171661377,0.0
298.75946044921875,299.95001220703125,4.435999870300293,2.316999912261963,0.0
298.7586669921875,299.95001220703125,4.421999931335449,2.253999948501587,0.0
298.75787353515625,299.95001220703125,4.428999900817871,2.306999921798706,0.0
298.7570495605469,299.95001220703125,4.434000015258789,2.315999984741211,0.0
298.7562561035156,299.95001220703125,4.428999900817871,2.244999885559082,0.0
298.7554626464844,299.95001220703125,4.434999942779541,2.260999917984009,0.0
298.7546691894531,299.95001220703125,4.433000087738037,2.3310000896453857,0.0
298.75384521484375,299.95001220703125,4.426000118255615,2.2660000324249268,0.0
298.7530517578125,299.95001220703125,4.429999828338623,2.2899999618530273,0.0
298.85223388671875,300.04998779296875,4.426000118255615,2.3239998817443848,0.0
298.8514404296875,300.04998779296875,4.425000190734863,2.321000099182129,0.0
298.8506164550781,300.04998779296875,4.427999973297119,2.25,0.0
298.8498229980469,300.04998779296875,4.439000129699707,2.2690000534057617,0.0
298.6490478515625,299.8500061035156,4.436999797821045,2.321000099182129,0.0
298.64825439453125,299.8500061035156,4.443999767303467,2.328000068664551,0.0
298.7474365234375,299.95001220703125,4.446000099182129,2.3510000705718994,0.0
298.74664306640625,299.95001220703125,4.441999912261963,2.375,0.0
298.745849609375,299.95001220703125,4.425000190734863,2.2860000133514404,0.0
298.74505615234375,299.95001220703125,4.440999984741211,2.2660000324249268,0.0
298.6442565917969,299.8500061035156,4.439000129699707,2.309999942779541,0.0
298.7434387207031,299.95001220703125,4.442999839782715,2.3610000610351562,0.0
298.7426452636719,299.95001220703125,4.438000202178955,2.3399999141693115,0.0
298.7418518066406,299.95001220703125,4.446000099182129,2.2820000648498535,0.0
298.7410583496094,299.95001220703125,4.439000129699707,2.3239998817443848,0.0
298.740234375,299.95001220703125,4.449999809265137,2.2890000343322754,0.0
298.73944091796875,299.95001220703125,4.435999870300293,2.265000104904175,0.0
298.7386474609375,299.95001220703125,4.439000129699707,2.328000068664551,0.0
298.6378479003906,299.8500061035156,4.434000015258789,2.2899999618530273,0.0
298.7370300292969,299.95001220703125,4.441999912261963,2.3519999980926514,0.0
298.7362365722656,299.95001220703125,4.434000015258789,2.253000020980835,0.0
298.7354431152344,299.95001220703125,4.443999767303467,2.299999952316284,0.0
298.7346496582031,299.95001220703125,4.438000202178955,2.252000093460083,0.0
298.73382568359375,299.95001220703125,4.435999870300293,2.3359999656677246,0.0
298.7330322265625,299.95001220703125,4.447999954223633,2.2769999504089355,0.0
298.73223876953125,299.95001220703125,4.448999881744385,2.2920000553131104,0.0
298.7314453125,299.95001220703125,4.447000026702881,2.253999948501587,0.0
298.6306457519531,299.8500061035156,4.451000213623047,2.3369998931884766,0.0
298.7298278808594,299.95001220703125,4.440000057220459,2.309000015258789,0.0
298.7290344238281,299.95001220703125,4.442999839782715,2.2780001163482666,0.0
298.7282409667969,299.95001220703125,4.442999839782715,2.2720000743865967,0.0
298.7274475097656,299.95001220703125,4.449999809265137,2.3239998817443848,0.0
298.72662353515625,299.95001220703125,4.449999809265137,2.2679998874664307,0.0
298.725830078125,299.95001220703125,4.448999881744385,2.309000015258789,0.0
298.72503662109375,299.95001220703125,4.449999809265137,2.3259999752044678,0.0
298.7242431640625,299.95001220703125,4.445000171661377,2.311000108718872,0.0
298.7234191894531,299.95001220703125,4.447999954223633,2.246999979019165,0.0
298.7226257324219,299.95001220703125,4.448999881744385,2.2880001068115234,0.0
298.7218322753906,299.95001220703125,4.447999954223633,2.2839999198913574,0.0
298.62103271484375,299.8500061035156,4.453000068664551,2.3389999866485596,0.0
298.72021484375,299.95001220703125,4.461999893188477,2.2809998989105225,0.0
298.71942138671875,299.95001220703125,4.442999839782715,2.25600004196167,0.0
298.818603515625,300.04998779296875,4.445000171661377,2.2679998874664307,0.0
298.81781005859375,300.04998779296875,4.455999851226807,2.319000005722046,0.0
298.8170166015625,300.04998779296875,4.453999996185303,2.3550000190734863,0.0
298.8161926269531,300.04998779296875,4.451000213623047,2.2720000743865967,0.0
298.8153991699219,300.04998779296875,4.453999996185303,2.2780001163482666,0.0
298.8146057128906,300.04998779296875,4.447000026702881,2.299999952316284,0.0
298.7138366699219,299.95001220703125,4.449999809265137,2.3010001182556152,0.0
298.7130126953125,299.95001220703125,4.447000026702881,2.328000068664551,0.0
298.71221923828125,299.95001220703125,4.443999767303467,2.3410000801086426,0.0
298.71142578125,299.95001220703125,4.452000141143799,2.3510000705718994,0.0
298.71063232421875,299.95001220703125,4.440999984741211,2.2860000133514404,0.0
298.7098083496094,299.95001220703125,4.448999881744385,2.3359999656677246,0.0
298.7090148925781,299.95001220703125,4.448999881744385,2.3010001182556152,0.0
298.60821533203125,299.8500061035156,4.460999965667725,2.3369998931884766,0.0
298.7074279785156,299.95001220703125,4.460999965667725,2.3440001010894775,0.0
298.6065979003906,299.8500061035156,4.453000068664551,2.302000045776367,0.0
298.8057861328125,300.04998779296875,4.459000110626221,2.25600004196167,0.0
298.80499267578125,300.04998779296875,4.451000213623047,2.2690000534057617,0.0
298.80419921875,300.04998779296875,4.447999954223633,2.299999952316284,0.0
298.80340576171875,300.04998779296875,4.465000152587891,2.3399999141693115,0.0
298.8025817871094,300.04998779296875,4.466000080108643,2.302000045776367,0.0
298.8017883300781,300.04998779296875,4.454999923706055,2.359999895095825,0.0
298.8009948730469,300.04998779296875,4.4629998207092285,2.26200008392334,0.0
298.8002014160156,300.04998779296875,4.453000068664551,2.2720000743865967,0.0
298.79937744140625,300.04998779296875,4.460999965667725,2.2290000915527344,0.0
298.798583984375,300.04998779296875,4.460999965667725,2.2730000019073486,0.0
298.79779052734375,300.04998779296875,4.453999996185303,2.3510000705718994,0.0
298.7969970703125,300.04998779296875,4.447000026702881,2.306999921798706,0.0
298.89617919921875,300.1499938964844,4.461999893188477,2.3239998817443848,0.0
298.7953796386719,300.04998779296875,4.464000225067139,2.3299999237060547,0.0
298.7945861816406,300.04998779296875,4.448999881744385,2.309000015258789,0.0
298.7937927246094,300.04998779296875,4.4670000076293945,2.3389999866485596,0.0
298.79296875,300.04998779296875,4.446000099182129,2.302000045776367,0.0
298.79217529296875,300.04998779296875,4.459000110626221,2.308000087738037,0.0
298.7913818359375,300.04998779296875,4.453000068664551,2.2790000438690186,0.0
298.79058837890625,300.04998779296875,4.460000038146973,2.296999931335449,0.0
298.8897705078125,300.1499938964844,4.460999965667725,2.3320000171661377,0.0
298.7889709472656,300.04998779296875,4.449999809265137,2.309000015258789,0.0
298.7881774902344,300.04998779296875,4.453999996185303,2.3259999752044678,0.0
298.7873840332031,300.04998779296875,4.451000213623047,2.2720000743865967,0.0
298.7865905761719,300.04998779296875,4.464000225067139,2.303999900817871,0.0
298.7857666015625,300.04998779296875,4.447000026702881,2.306999921798706,0.0
298.78497314453125,300.04998779296875,4.453999996185303,2.2820000648498535,0.0
298.7841796875,300.04998779296875,4.459000110626221,2.3369998931884766,0.0
298.78338623046875,300.04998779296875,4.448999881744385,2.2739999294281006,0.0
298.7825622558594,300.04998779296875,4.454999923706055,2.3469998836517334,0.0
298.7817687988281,300.04998779296875,4.4710001945495605,2.322999954223633,0.0
298.8809814453125,300.1499938964844,4.466000080108643,2.3510000705718994,0.0
298.7801818847656,300.04998779296875,4.465000152587891,2.2769999504089355,0.0
298.77935791015625,300.04998779296875,4.456999778747559,2.260999917984009,0.0
298.778564453125,300.04998779296875,4.46999979019165,2.259999990463257,0.0
298.77777099609375,300.04998779296875,4.4710001945495605,2.260999917984009,0.0
298.7769775390625,300.04998779296875,4.474999904632568,2.2669999599456787,0.0
298.7761535644531,300.04998779296875,4.461999893188477,2.2699999809265137,0.0
298.7753601074219,300.04998779296875,4.4629998207092285,2.2880001068115234,0.0
298.7745666503906,300.04998779296875,4.466000080108643,2.2639999389648438,0.0
298.7737731933594,300.04998779296875,4.46999979019165,2.313999891281128,0.0
298.87298583984375,300.1499938964844,4.455999851226807,2.2750000953674316,0.0
298.77215576171875,300.04998779296875,4.4629998207092285,2.256999969482422,0.0
298.8713684082031,300.1499938964844,4.452000141143799,2.2639999389648438,0.0
298.8705749511719,300.1499938964844,4.461999893188477,2.2890000343322754,0.0
298.8697814941406,300.1499938964844,4.474999904632568,2.2730000019073486,0.0
298.7689514160156,300.04998779296875,4.464000225067139,2.252000093460083,0.0
298.7681579589844,300.04998779296875,4.459000110626221,2.3289999961853027,0.0
298.7673645019531,300.04998779296875,4.4670000076293945,2.3269999027252197,0.0
298.7665710449219,300.04998779296875,4.458000183105469,2.3399999141693115,0.0
298.7657470703125,300.04998779296875,4.466000080108643,2.2960000038146973,0.0
298.8649597167969,300.1499938964844,4.473999977111816,2.3429999351501465,0.0
298.8641662597656,300.1499938964844,4.459000110626221,2.2660000324249268,0.0
298.76336669921875,300.04998779296875,4.46999979019165,2.2639999389648438,0.0
298.7625427246094,300.04998779296875,4.4730000495910645,2.26200008392334,0.0
298.7617492675781,300.04998779296875,4.468999862670898,2.2780001163482666,0.0
298.7609558105469,300.04998779296875,4.4720001220703125,2.2869999408721924,0.0
298.7601623535156,300.04998779296875,4.459000110626221,2.3359999656677246,0.0
298.7593688964844,300.04998779296875,4.459000110626221,2.296999931335449,0.0
298.758544921875,300.04998779296875,4.465000152587891,2.2360000610351562,0.0
298.75775146484375,300.04998779296875,4.4670000076293945,2.3440001010894775,0.0
298.7569580078125,300.04998779296875,4.461999893188477,2.319000005722046,0.0
298.75616455078125,300.04998779296875,4.4710001945495605,2.312000036239624,0.0
298.6553649902344,299.95001220703125,4.4629998207092285,2.302999973297119,0.0
298.6545715332031,299.95001220703125,4.460000038146973,2.3429999351501465,0.0
298.6537780761719,299.95001220703125,4.474999904632568,2.3369998931884766,0.0
298.6529846191406,299.95001220703125,4.4720001220703125,2.3369998931884766,0.0
298.65216064453125,299.95001220703125,4.4770002365112305,2.2730000019073486,0.0
298.8513488769531,300.1499938964844,4.4670000076293945,2.2850000858306885,0.0
298.8505554199219,300.1499938964844,4.479000091552734,2.3259999752044678,0.0
298.94976806640625,300.25,4.46999979019165,2.2880001068115234,0.0
298.84893798828125,300.1499938964844,4.484000205993652,2.3489999771118164,0.0
298.84814453125,300.1499938964844,4.474999904632568,2.2839999198913574,0.0
298.84735107421875,300.1499938964844,4.4730000495910645,2.325000047683716,0.0
298.8465576171875,300.1499938964844,4.478000164031982,2.3239998817443848,0.0
298.84576416015625,300.1499938964844,4.468999862670898,2.2669999599456787,0.0
298.8449401855469,300.1499938964844,4.480999946594238,2.2799999713897705,0.0
298.744140625,300.04998779296875,4.4770002365112305,2.312999963760376,0.0
298.8433532714844,300.1499938964844,4.4629998207092285,2.312999963760376,0.0
298.8425598144531,300.1499938964844,4.480999946594238,2.2669999599456787,0.0
298.9417419433594,300.25,4.465000152587891,2.3369998931884766,0.0
298.7409362792969,300.04998779296875,4.479000091552734,2.3429999351501465,0.0
298.84014892578125,300.1499938964844,4.468999862670898,2.3359999656677246,0.0
298.83935546875,300.1499938964844,4.4710001945495605,2.305999994277954,0.0
298.738525390625,300.04998779296875,4.480999946594238,2.3550000190734863,0.0
298.8377380371094,300.1499938964844,4.474999904632568,2.247999906539917,0.0
298.93695068359375,300.25,4.4710001945495605,2.252000093460083,0.0
298.9361572265625,300.25,4.46999979019165,2.3239998817443848,0.0
298.8353271484375,300.1499938964844,4.480999946594238,2.2799999713897705,0.0
298.9345397949219,300.25,4.4670000076293945,2.253999948501587,0.0
298.833740234375,300.1499938964844,4.491000175476074,2.2960000038146973,0.0
298.9329528808594,300.25,4.480000019073486,2.3359999656677246,0.0
298.8321533203125,300.1499938964844,4.478000164031982,2.3340001106262207,0.0
298.8313293457031,300.1499938964844,4.4670000076293945,2.306999921798706,0.0
298.9305419921875,300.25,4.47599983215332,2.2899999618530273,0.0
298.8297424316406,300.1499938964844,4.484000205993652,2.3259999752044678,0.0
298.72894287109375,300.04998779296875,4.466000080108643,2.319999933242798,0.0
298.9281311035156,300.25,4.488999843597412,2.3289999961853027,0.0
298.82733154296875,300.1499938964844,4.479000091552734,2.2699999809265137,0.0
298.7265319824219,300.04998779296875,4.480999946594238,2.328000068664551,0.0
298.82574462890625,300.1499938964844,4.474999904632568,2.2929999828338623,0.0
298.8249206542969,300.1499938964844,4.473999977111816,2.303999900817871,0.0
298.72412109375,300.04998779296875,4.485000133514404,2.315000057220459,0.0
298.72332763671875,300.04998779296875,4.480000019073486,2.305000066757202,0.0
298.8225402832031,300.1499938964844,4.4770002365112305,2.2720000743865967,0.0
298.82171630859375,300.1499938964844,4.474999904632568,2.2850000858306885,0.0
298.8209228515625,300.1499938964844,4.485000133514404,2.305999994277954,0.0
298.7201232910156,300.04998779296875,4.4670000076293945,2.312999963760376,0.0
298.7193298339844,300.04998779296875,4.482999801635742,2.2829999923706055,0.0
298.7185363769531,300.04998779296875,4.480999946594238,2.299999952316284,0.0
298.8177185058594,300.1499938964844,4.48199987411499,2.2780001163482666,0.0
298.7169189453125,300.04998779296875,4.485000133514404,2.2829999923706055,0.0
298.8161315917969,300.1499938964844,4.479000091552734,2.3389999866485596,0.0
298.6153564453125,299.95001220703125,4.4770002365112305,2.312999963760376,0.0
298.81451416015625,300.1499938964844,4.478000164031982,2.2109999656677246,0.0
298.7137145996094,300.04998779296875,4.486000061035156,2.3269999027252197,0.0
298.7129211425781,300.04998779296875,4.485000133514404,2.3350000381469727,0.0
298.8121337890625,300.1499938964844,4.491000175476074,2.2850000858306885,0.0
298.7113037109375,300.04998779296875,4.486999988555908,2.3589999675750732,0.0
298.71051025390625,300.04998779296875,4.486000061035156,2.322999954223633,0.0
298.709716796875,300.04998779296875,4.480000019073486,2.315000057220459,0.0
298.70892333984375,300.04998779296875,4.474999904632568,2.180999994277954,0.0
298.7080993652344,300.04998779296875,4.473999977111816,2.240999937057495,0.0
298.7073059082031,300.04998779296875,4.480999946594238,2.3359999656677246,0.0
298.7065124511719,300.04998779296875,4.4720001220703125,2.313999891281128,0.0
298.7057189941406,300.04998779296875,4.4679999351501465,2.2739999294281006,0.0
298.804931640625,300.1499938964844,4.474999904632568,2.2799999713897705,0.0
298.8041076660156,300.1499938964844,4.478000164031982,2.2909998893737793,0.0
298.8033142089844,300.1499938964844,4.4770002365112305,2.2660000324249268,0.0
298.7025146484375,300.04998779296875,4.486000061035156,2.2709999084472656,0.0
298.70172119140625,300.04998779296875,4.486000061035156,2.2809998989105225,0.0
298.7008972167969,300.04998779296875,4.46999979019165,2.200000047683716,0.0
298.7001037597656,300.04998779296875,4.46999979019165,2.180999994277954,0.0
298.6993103027344,300.04998779296875,4.4710001945495605,2.311000108718872,0.0
298.6985168457031,300.04998779296875,4.485000133514404,2.2829999923706055,0.0
298.69769287109375,300.04998779296875,4.478000164031982,2.3570001125335693,0.0
298.7969055175781,300.1499938964844,4.482999801635742,2.2320001125335693,0.0
298.7961120605469,300.1499938964844,4.485000133514404,2.3310000896453857,0.0
298.7953186035156,300.1499938964844,4.4770002365112305,2.36899995803833,0.0
298.79449462890625,300.1499938964844,4.479000091552734,2.236999988555908,0.0
298.793701171875,300.1499938964844,4.482999801635742,2.260999917984009,0.0
298.79290771484375,300.1499938964844,4.47599983215332,2.265000104904175,0.0
298.7921142578125,300.1499938964844,4.480999946594238,2.26200008392334,0.0
298.6913146972656,300.04998779296875,4.474999904632568,2.302999973297119,0.0
298.69049072265625,300.04998779296875,4.486000061035156,2.315999984741211,0.0
298.7897033691406,300.1499938964844,4.484000205993652,2.2760000228881836,0.0
298.68890380859375,300.04998779296875,4.486000061035156,2.312000036239624,0.0
298.6881103515625,300.04998779296875,4.478000164031982,2.263000011444092,0.0
298.6872863769531,300.04998779296875,4.488999843597412,2.2950000762939453,0.0
298.6864929199219,300.04998779296875,4.493000030517578,2.3429999351501465,0.0
298.6856994628906,300.04998779296875,4.486999988555908,2.2890000343322754,0.0
298.6849060058594,300.04998779296875,4.486999988555908,2.325000047683716,0.0
298.68408203125,300.04998779296875,4.486999988555908,2.265000104904175,0.0
298.7832946777344,300.1499938964844,4.484000205993652,2.3299999237060547,0.0
298.7825012207031,300.1499938964844,4.486000061035156,2.180000066757202,0.0
298.68170166015625,300.04998779296875,4.491000175476074,2.2739999294281006,0.0
298.8808898925781,300.25,4.482999801635742,2.3350000381469727,0.0
298.78009033203125,300.1499938964844,4.48799991607666,2.296999931335449,0.0
298.6792907714844,300.04998779296875,4.478000164031982,2.312999963760376,0.0
298.77850341796875,300.1499938964844,4.484000205993652,2.309000015258789,0.0
298.5777282714844,299.95001220703125,4.486999988555908,2.2950000762939453,0.0
298.576904296875,299.95001220703125,4.489999771118164,2.3399999141693115,0.0
298.67608642578125,300.04998779296875,4.485000133514404,2.259000062942505,0.0
298.7752990722656,300.1499938964844,4.484000205993652,2.2880001068115234,0.0
298.7745056152344,300.1499938964844,4.480000019073486,2.1760001182556152,0.0
298.773681640625,300.1499938964844,4.479000091552734,2.253999948501587,0.0
298.8728942871094,300.25,4.482999801635742,2.2739999294281006,0.0
298.7720947265625,300.1499938964844,4.489999771118164,2.3239998817443848,0.0
298.77130126953125,300.1499938964844,4.488999843597412,2.308000087738037,0.0
298.7704772949219,300.1499938964844,4.492000102996826,2.2909998893737793,0.0
298.7696838378906,300.1499938964844,4.486999988555908,2.2669999599456787,0.0
298.7688903808594,300.1499938964844,4.489999771118164,2.2939999103546143,0.0
298.7680969238281,300.1499938964844,4.5,2.2230000495910645,0.0
298.76727294921875,300.1499938964844,4.482999801635742,2.26200008392334,0.0
298.6664733886719,300.04998779296875,4.488999843597412,2.3310000896453857,0.0
298.76568603515625,300.1499938964844,4.482999801635742,2.252000093460083,0.0
298.764892578125,300.1499938964844,4.482999801635742,2.316999912261963,0.0
298.8641052246094,300.25,4.486000061035156,2.250999927520752,0.0
298.7632751464844,300.1499938964844,4.48799991607666,2.252000093460083,0.0
298.7624816894531,300.1499938964844,4.492000102996826,2.2660000324249268,0.0
298.7616882324219,300.1499938964844,4.486000061035156,2.321000099182129,0.0
298.86090087890625,300.25,4.484000205993652,2.2660000324249268,0.0
298.8600769042969,300.25,4.506999969482422,2.3359999656677246,0.0
298.8592834472656,300.25,4.493000030517578,2.2899999618530273,0.0
298.8584899902344,300.25,4.498000144958496,2.3399999141693115,0.0
298.8576965332031,300.25,4.49399995803833,2.247999906539917,0.0
298.85687255859375,300.25,4.491000175476074,2.3350000381469727,0.0
298.8560791015625,300.25,4.495999813079834,2.3259999752044678,0.0
298.7552795410156,300.1499938964844,4.485000133514404,2.3369998931884766,0.0
298.8544921875,300.25,4.486000061035156,2.3010001182556152,0.0
298.8536682128906,300.25,4.49399995803833,2.2990000247955322,0.0
298.75286865234375,300.1499938964844,4.484000205993652,2.2960000038146973,0.0
298.8520812988281,300.25,4.491000175476074,2.364000082015991,0.0
298.75128173828125,300.1499938964844,4.488999843597412,2.328000068664551,0.0
298.8504943847656,300.25,4.486000061035156,2.244999885559082,0.0
298.84967041015625,300.25,4.48799991607666,2.3519999980926514,0.0
298.848876953125,300.25,4.492000102996826,2.3259999752044678,0.0
298.84808349609375,300.25,4.486999988555908,2.319000005722046,0.0
298.8472900390625,300.25,4.492000102996826,2.255000114440918,0.0
298.8464660644531,300.25,4.504000186920166,2.2929999828338623,0.0
298.74566650390625,300.1499938964844,4.495999813079834,2.2960000038146973,0.0
298.744873046875,300.1499938964844,4.489999771118164,2.2890000343322754,0.0
298.8440856933594,300.25,4.494999885559082,2.242000102996826,0.0
298.84326171875,300.25,4.489999771118164,2.306999921798706,0.0
298.6424560546875,300.04998779296875,4.486999988555908,2.2780001163482666,0.0
298.7416687011719,300.1499938964844,4.498000144958496,2.311000108718872,0.0
298.84088134765625,300.25,4.494999885559082,2.3259999752044678,0.0
298.8400573730469,300.25,4.48799991607666,2.236999988555908,0.0
298.7392578125,300.1499938964844,4.492000102996826,2.26200008392334,0.0
298.8384704589844,300.25,4.493000030517578,2.249000072479248,0.0
298.8376770019531,300.25,4.492000102996826,2.322999954223633,0.0
298.8368835449219,300.25,4.495999813079834,2.312999963760376,0.0
299.03607177734375,300.45001220703125,4.492000102996826,2.259000062942505,0.0
298.9352722167969,300.3500061035156,4.495999813079834,2.260999917984009,0.0
298.63446044921875,300.04998779296875,4.507999897003174,2.2739999294281006,0.0
298.7336730957031,300.1499938964844,4.499000072479248,2.2639999389648438,0.0
298.73284912109375,300.1499938964844,4.49399995803833,2.328000068664551,0.0
298.8320617675781,300.25,4.5,2.2990000247955322,0.0
298.8312683105469,300.25,4.495999813079834,2.309000015258789,0.0
298.8304748535156,300.25,4.505000114440918,2.2920000553131104,0.0
298.7296447753906,300.1499938964844,4.505000114440918,2.2890000343322754,0.0
298.828857421875,300.25,4.492000102996826,2.2829999923706055,0.0
298.82806396484375,300.25,4.499000072479248,2.2880001068115234,0.0
298.7272644042969,300.1499938964844,4.492000102996826,2.257999897003174,0.0
298.92645263671875,300.3500061035156,4.494999885559082,2.316999912261963,0.0
298.9256591796875,300.3500061035156,4.49399995803833,2.2920000553131104,0.0
298.92486572265625,300.3500061035156,4.497000217437744,2.322000026702881,0.0
298.924072265625,300.3500061035156,4.492000102996826,2.260999917984009,0.0
298.7232666015625,300.1499938964844,4.493000030517578,2.2799999713897705,0.0
298.82244873046875,300.25,4.488999843597412,2.309999942779541,0.0
298.8216552734375,300.25,4.486999988555908,2.3519999980926514,0.0
298.7208557128906,300.1499938964844,4.498000144958496,2.2880001068115234,0.0
298.820068359375,300.25,4.500999927520752,2.3320000171661377,0.0
298.8192443847656,300.25,4.499000072479248,2.3410000801086426,0.0
298.71844482421875,300.1499938964844,4.502999782562256,2.2850000858306885,0.0
298.8176574707031,300.25,4.501999855041504,2.322000026702881,0.0
298.71685791015625,300.1499938964844,4.504000186920166,2.299999952316284,0.0
298.8160400390625,300.25,4.5,2.2780001163482666,0.0
298.81524658203125,300.25,4.501999855041504,2.2739999294281006,0.0
298.814453125,300.25,4.499000072479248,2.2929999828338623,0.0
298.81365966796875,300.25,4.497000217437744,2.250999927520752,0.0
298.71282958984375,300.1499938964844,4.49399995803833,2.3389999866485596,0.0
298.7120361328125,300.1499938964844,4.504000186920166,2.3550000190734863,0.0
298.8112487792969,300.25,4.494999885559082,2.309000015258789,0.0
298.8104553222656,300.25,4.493000030517578,2.2829999923706055,0.0
298.8096618652344,300.25,4.506999969482422,2.3239998817443848,0.0
298.808837890625,300.25,4.495999813079834,2.252000093460083,0.0
298.7080383300781,300.1499938964844,4.495999813079834,2.315000057220459,0.0
298.60723876953125,300.04998779296875,4.499000072479248,2.2790000438690186,0.0
298.7064514160156,300.1499938964844,4.499000072479248,2.3440001010894775,0.0
298.70562744140625,300.1499938964844,4.494999885559082,2.259000062942505,0.0
298.704833984375,300.1499938964844,4.500999927520752,2.3420000076293945,0.0
298.6040344238281,300.04998779296875,4.500999927520752,2.3380000591278076,0.0
298.6032409667969,300.04998779296875,4.5,2.321000099182129,0.0
298.7024230957031,300.1499938964844,4.499000072479248,2.299999952316284,0.0
298.7016296386719,300.1499938964844,4.50600004196167,2.2829999923706055,0.0
298.7008361816406,300.1499938964844,4.513999938964844,2.312000036239624,0.0
298.7000427246094,300.1499938964844,4.502999782562256,2.2829999923706055,0.0
298.69921875,300.1499938964844,4.502999782562256,2.2760000228881836,0.0
298.7984313964844,300.25,4.510000228881836,2.2019999027252197,0.0
298.6976318359375,300.1499938964844,4.504000186920166,2.2909998893737793,0.0
298.7968444824219,300.25,4.513999938964844,2.311000108718872,0.0
298.696044921875,300.1499938964844,4.506999969482422,2.2869999408721924,0.0
298.59521484375,300.04998779296875,4.511000156402588,2.2699999809265137,0.0
298.79443359375,300.25,4.50600004196167,2.2760000228881836,0.0
298.6936340332031,300.1499938964844,4.513000011444092,2.313999891281128,0.0
298.6928405761719,300.1499938964844,4.510000228881836,2.299999952316284,0.0
298.6920166015625,300.1499938964844,4.511000156402588,2.313999891281128,0.0
298.69122314453125,300.1499938964844,4.51200008392334,2.256999969482422,0.0
298.7904357910156,300.25,4.513000011444092,2.2829999923706055,0.0
298.7896423339844,300.25,4.500999927520752,2.240999937057495,0.0
298.6888122558594,300.1499938964844,4.510000228881836,2.3359999656677246,0.0
298.78802490234375,300.25,4.507999897003174,2.2639999389648438,0.0
298.7872314453125,300.25,4.504000186920166,2.2660000324249268,0.0
298.6864318847656,300.1499938964844,4.517000198364258,2.313999891281128,0.0
298.7856140136719,300.25,4.511000156402588,2.3239998817443848,0.0
298.5848083496094,300.04998779296875,4.514999866485596,2.316999912261963,0.0
298.68402099609375,300.1499938964844,4.514999866485596,2.322000026702881,0.0
298.7832336425781,300.25,4.510000228881836,2.3329999446868896,0.0
298.68243408203125,300.1499938964844,4.513000011444092,2.3410000801086426,0.0
298.6816101074219,300.1499938964844,4.510000228881836,2.325000047683716,0.0
298.78082275390625,300.25,4.514999866485596,2.322999954223633,0.0
298.6800231933594,300.1499938964844,4.510000228881836,2.309999942779541,0.0
298.77923583984375,300.25,4.513000011444092,2.3489999771118164,0.0
298.67840576171875,300.1499938964844,4.501999855041504,2.2890000343322754,0.0
298.6776123046875,300.1499938964844,4.504000186920166,2.2980000972747803,0.0
298.67681884765625,300.1499938964844,4.506999969482422,2.302000045776367,0.0
298.7760314941406,300.25,4.505000114440918,2.2639999389648438,0.0
298.6752014160156,300.1499938964844,4.510000228881836,2.2890000343322754,0.0
298.6744079589844,300.1499938964844,4.51200008392334,2.303999900817871,0.0
298.77362060546875,300.25,4.502999782562256,2.260999917984009,0.0
298.7728271484375,300.25,4.502999782562256,2.246999979019165,0.0
298.7720031738281,300.25,4.497000217437744,2.2929999828338623,0.0
298.7712097167969,300.25,4.506999969482422,2.2909998893737793,0.0
298.7704162597656,300.25,4.505000114440918,2.2980000972747803,0.0
298.7696228027344,300.25,4.506999969482422,2.315999984741211,0.0
298.7688293457031,300.25,4.502999782562256,2.2699999809265137,0.0
298.76800537109375,300.25,4.50600004196167,2.3380000591278076,0.0
298.7672119140625,300.25,4.506999969482422,2.2860000133514404,0.0
298.76641845703125,300.25,4.510000228881836,2.302000045776367,0.0
298.6656188964844,300.1499938964844,4.507999897003174,2.2660000324249268,0.0
298.664794921875,300.1499938964844,4.51200008392334,2.328000068664551,0.0
298.7640075683594,300.25,4.511000156402588,2.3269999027252197,0.0
298.7632141113281,300.25,4.505000114440918,2.2699999809265137,0.0
298.66241455078125,300.1499938964844,4.499000072479248,2.181999921798706,0.0
298.6615905761719,300.1499938964844,4.50600004196167,2.2850000858306885,0.0
298.76080322265625,300.25,4.502999782562256,2.2660000324249268,0.0
298.760009765625,300.25,4.519999980926514,2.2899999618530273,0.0
298.75921630859375,300.25,4.513999938964844,2.2980000972747803,0.0
298.65838623046875,300.1499938964844,4.51200008392334,2.3389999866485596,0.0
298.5575866699219,300.04998779296875,4.510000228881836,2.3420000076293945,0.0
298.7568054199219,300.25,4.51800012588501,2.380000114440918,0.0
298.7560119628906,300.25,4.506999969482422,2.2869999408721924,0.0
298.65521240234375,300.1499938964844,4.497000217437744,2.247999906539917,0.0
298.75439453125,300.25,4.508999824523926,2.2709999084472656,0.0
298.6535949707031,300.1499938964844,4.51200008392334,2.306999921798706,0.0
298.6528015136719,300.1499938964844,4.511000156402588,2.2699999809265137,0.0
298.6520080566406,300.1499938964844,4.505000114440918,2.25600004196167,0.0
298.65118408203125,300.1499938964844,4.506999969482422,2.3489999771118164,0.0
298.650390625,300.1499938964844,4.51200008392334,2.315000057220459,0.0
298.7496032714844,300.25,4.517000198364258,2.319000005722046,0.0
298.7488098144531,300.25,4.521999835968018,2.2750000953674316,0.0
298.74798583984375,300.25,4.514999866485596,2.313999891281128,0.0
298.7471923828125,300.25,4.5320000648498535,2.322999954223633,0.0
298.6463928222656,300.1499938964844,4.510000228881836,2.2850000858306885,0.0
298.6455993652344,300.1499938964844,4.5229997634887695,2.3420000076293945,0.0
298.5447692871094,300.04998779296875,4.51200008392334,2.2760000228881836,0.0
298.64398193359375,300.1499938964844,4.519000053405762,2.322000026702881,0.0
298.6431884765625,300.1499938964844,4.513000011444092,2.265000104904175,0.0
298.7424011230469,300.25,4.517000198364258,2.2850000858306885,0.0
298.6416015625,300.1499938964844,4.508999824523926,2.2760000228881836,0.0
298.6407775878906,300.1499938964844,4.515999794006348,2.3359999656677246,0.0
298.739990234375,300.25,4.513999938964844,2.2750000953674316,0.0
298.6391906738281,300.1499938964844,4.51800012588501,2.313999891281128,0.0
298.6383972167969,300.1499938964844,4.521999835968018,2.3359999656677246,0.0
298.5375671386719,300.04998779296875,4.506999969482422,2.3320000171661377,0.0
298.8367919921875,300.3500061035156,4.514999866485596,2.313999891281128,0.0
298.83599853515625,300.3500061035156,4.51800012588501,2.2890000343322754,0.0
298.63519287109375,300.1499938964844,4.510000228881836,2.2699999809265137,0.0
298.734375,300.25,4.519999980926514,2.3259999752044678,0.0
298.73358154296875,300.25,4.515999794006348,2.2669999599456787,0.0
298.7327880859375,300.25,4.5269999504089355,2.319000005722046,0.0
298.73199462890625,300.25,4.526000022888184,2.249000072479248,0.0
298.7311706542969,300.25,4.5229997634887695,2.2790000438690186,0.0
298.5303649902344,300.04998779296875,4.526000022888184,2.3459999561309814,0.0
298.7295837402344,300.25,4.514999866485596,2.265000104904175,0.0
298.7287902832031,300.25,4.5229997634887695,2.3499999046325684,0.0
298.7279968261719,300.25,4.5320000648498535,2.3359999656677246,0.0
298.7271728515625,300.25,4.526000022888184,2.2939999103546143,0.0
298.72637939453125,300.25,4.5320000648498535,2.2730000019073486,0.0
298.6255798339844,300.1499938964844,4.521999835968018,2.2980000972747803,0.0
298.72479248046875,300.25,4.5289998054504395,2.2829999923706055,0.0
298.5239562988281,300.04998779296875,4.521999835968018,2.2980000972747803,0.0
298.6231689453125,300.1499938964844,4.53000020980835,2.3340001106262207,0.0
298.7223815917969,300.25,4.5329999923706055,2.311000108718872,0.0
298.7215881347656,300.25,4.531000137329102,2.2769999504089355,0.0
298.72076416015625,300.25,4.5269999504089355,2.265000104904175,0.0
298.719970703125,300.25,4.5289998054504395,2.311000108718872,0.0
298.71917724609375,300.25,4.5329999923706055,2.3589999675750732,0.0
298.91839599609375,300.45001220703125,4.521999835968018,2.319999933242798,0.0
298.7175598144531,300.25,4.526000022888184,2.23799991607666,0.0
298.7167663574219,300.25,4.5320000648498535,2.2679998874664307,0.0
298.7159729003906,300.25,4.5279998779296875,2.2739999294281006,0.0
298.7151794433594,300.25,4.520999908447266,2.2699999809265137,0.0
298.7143859863281,300.25,4.53000020980835,2.3329999446868896,0.0
298.91357421875,300.45001220703125,4.5279998779296875,2.2980000972747803,0.0
298.91278076171875,300.45001220703125,4.525000095367432,2.256999969482422,0.0
298.8119812011719,300.3500061035156,4.526000022888184,2.3389999866485596,0.0
298.8111877441406,300.3500061035156,4.521999835968018,2.2860000133514404,0.0
298.81036376953125,300.3500061035156,4.521999835968018,2.259999990463257,0.0
298.8095703125,300.3500061035156,4.521999835968018,2.384999990463257,0.0
298.80877685546875,300.3500061035156,4.531000137329102,2.2669999599456787,0.0
298.9079895019531,300.45001220703125,4.531000137329102,2.313999891281128,0.0
298.7071533203125,300.25,4.535999774932861,2.3389999866485596,0.0
298.8063659667969,300.3500061035156,4.520999908447266,2.2690000534057617,0.0
298.8055725097656,300.3500061035156,4.5289998054504395,2.26200008392334,0.0
298.8047790527344,300.3500061035156,4.53000020980835,2.364000082015991,0.0
298.803955078125,300.3500061035156,4.519000053405762,2.2899999618530273,0.0
298.7031555175781,300.25,4.526000022888184,2.3399999141693115,0.0
298.7023620605469,300.25,4.52400016784668,2.257999897003174,0.0
298.7015686035156,300.25,4.519000053405762,2.315999984741211,0.0
298.7007751464844,300.25,4.5289998054504395,2.3350000381469727,0.0
298.89996337890625,300.45001220703125,4.5229997634887695,2.322000026702881,0.0
298.899169921875,300.45001220703125,4.5269999504089355,2.2960000038146973,0.0
298.7983703613281,300.3500061035156,4.534999847412109,2.328000068664551,0.0
298.8975830078125,300.45001220703125,4.525000095367432,2.247999906539917,0.0
298.7967529296875,300.3500061035156,4.526000022888184,2.2929999828338623,0.0
298.6959533691406,300.25,4.5269999504089355,2.325000047683716,0.0
298.6951599121094,300.25,4.533999919891357,2.2769999504089355,0.0
298.6943664550781,300.25,4.515999794006348,2.2880001068115234,0.0
298.69354248046875,300.25,4.520999908447266,2.322999954223633,0.0
298.6927490234375,300.25,4.5269999504089355,2.322000026702881,0.0
298.69195556640625,300.25,4.519999980926514,2.3239998817443848,0.0
298.691162109375,300.25,4.5289998054504395,2.315999984741211,0.0
298.6903381347656,300.25,4.5370001792907715,2.3440001010894775,0.0
298.6895446777344,300.25,4.514999866485596,2.250999927520752,0.0
298.6887512207031,300.25,4.519000053405762,2.2699999809265137,0.0
298.6879577636719,300.25,4.5289998054504395,2.26200008392334,0.0
298.6871643066406,300.25,4.531000137329102,2.3329999446868896,0.0
298.7863464355469,300.3500061035156,4.5269999504089355,2.322999954223633,0.0
298.7855529785156,300.3500061035156,4.5269999504089355,2.313999891281128,0.0
298.7847595214844,300.3500061035156,4.510000228881836,2.2709999084472656,0.0
298.7839660644531,300.3500061035156,4.5370001792907715,2.299999952316284,0.0
298.6831359863281,300.25,4.526000022888184,2.3320000171661377,0.0
298.6823425292969,300.25,4.5320000648498535,2.3350000381469727,0.0
298.8815612792969,300.45001220703125,4.5289998054504395,2.3320000171661377,0.0
298.8807678222656,300.45001220703125,4.5289998054504395,2.259000062942505,0.0
298.7799377441406,300.3500061035156,4.533999919891357,2.2780001163482666,0.0
298.879150390625,300.45001220703125,4.5320000648498535,2.3299999237060547,0.0
298.7783508300781,300.3500061035156,4.5269999504089355,2.302999973297119,0.0
298.7775573730469,300.3500061035156,4.525000095367432,2.240000009536743,0.0
298.7767333984375,300.3500061035156,4.5320000648498535,2.3289999961853027,0.0
298.8759460449219,300.45001220703125,4.52400016784668,2.2829999923706055,0.0
298.775146484375,300.3500061035156,4.53000020980835,2.2780001163482666,0.0
298.77435302734375,300.3500061035156,4.5229997634887695,2.322999954223633,0.0
298.7735595703125,300.3500061035156,4.5229997634887695,2.306999921798706,0.0
298.87274169921875,300.45001220703125,4.531000137329102,2.3540000915527344,0.0
298.7719421386719,300.3500061035156,4.53000020980835,2.2829999923706055,0.0
298.7711486816406,300.3500061035156,4.533999919891357,2.2760000228881836,0.0
298.7703552246094,300.3500061035156,4.5279998779296875,2.3259999752044678,0.0
298.8695373535156,300.45001220703125,4.5229997634887695,2.3329999446868896,0.0
298.76873779296875,300.3500061035156,4.526000022888184,2.2950000762939453,0.0
298.7679443359375,300.3500061035156,4.51800012588501,2.3239998817443848,0.0
298.76715087890625,300.3500061035156,4.5320000648498535,2.2750000953674316,0.0
298.7663269042969,300.3500061035156,4.525000095367432,2.3299999237060547,0.0
298.7655334472656,300.3500061035156,4.526000022888184,2.265000104904175,0.0
298.7647399902344,300.3500061035156,4.5279998779296875,2.2790000438690186,0.0
298.7639465332031,300.3500061035156,4.526000022888184,2.259000062942505,0.0
298.76312255859375,300.3500061035156,4.52400016784668,2.250999927520752,0.0
298.7623291015625,300.3500061035156,4.5320000648498535,2.265000104904175,0.0
298.76153564453125,300.3500061035156,4.531000137329102,2.3259999752044678,0.0
298.7607421875,300.3500061035156,4.5320000648498535,2.253000020980835,0.0
298.75994873046875,300.3500061035156,4.539000034332275,2.2669999599456787,0.0
298.7591247558594,300.3500061035156,4.533999919891357,2.2639999389648438,0.0
298.7583312988281,300.3500061035156,4.5289998054504395,2.2980000972747803,0.0
298.7575378417969,300.3500061035156,4.5329999923706055,2.313999891281128,0.0
298.7567443847656,300.3500061035156,4.521999835968018,2.240999937057495,0.0
298.75592041015625,300.3500061035156,4.5269999504089355,2.259000062942505,0.0
298.755126953125,300.3500061035156,4.52400016784668,2.3440001010894775,0.0
298.75433349609375,300.3500061035156,4.519999980926514,2.296999931335449,0.0
298.7535400390625,300.3500061035156,4.52400016784668,2.250999927520752,0.0
298.85272216796875,300.45001220703125,4.520999908447266,2.322000026702881,0.0
298.8519287109375,300.45001220703125,4.52400016784668,2.2720000743865967,0.0
298.5511169433594,300.1499938964844,4.5279998779296875,2.3459999561309814,0.0
298.65032958984375,300.25,4.5289998054504395,2.3010001182556152,0.0
298.6495056152344,300.25,4.521999835968018,2.257999897003174,0.0
298.8487243652344,300.45001220703125,4.519000053405762,2.2950000762939453,0.0
298.7479248046875,300.3500061035156,4.526000022888184,2.322000026702881,0.0
298.74713134765625,300.3500061035156,4.5279998779296875,2.2730000019073486,0.0
298.8463439941406,300.45001220703125,4.53000020980835,2.308000087738037,0.0
298.84552001953125,300.45001220703125,4.5279998779296875,2.2699999809265137,0.0
298.7447204589844,300.3500061035156,4.541999816894531,2.246999979019165,0.0
298.84393310546875,300.45001220703125,4.520999908447266,2.3359999656677246,0.0
298.7431335449219,300.3500061035156,4.53000020980835,2.3340001106262207,0.0
298.8423156738281,300.45001220703125,4.525000095367432,2.319999933242798,0.0
298.8415222167969,300.45001220703125,4.51800012588501,2.2669999599456787,0.0
298.8407287597656,300.45001220703125,4.5269999504089355,2.3299999237060547,0.0
298.8399353027344,300.45001220703125,4.5289998054504395,2.2760000228881836,0.0
298.7391052246094,300.3500061035156,4.5269999504089355,2.240000009536743,0.0
298.7383117675781,300.3500061035156,4.535999774932861,2.2869999408721924,0.0
298.7375183105469,300.3500061035156,4.5289998054504395,2.249000072479248,0.0
298.7367248535156,300.3500061035156,4.534999847412109,2.319000005722046,0.0
298.73590087890625,300.3500061035156,4.5289998054504395,2.2799999713897705,0.0
298.735107421875,300.3500061035156,4.5320000648498535,2.2639999389648438,0.0
298.73431396484375,300.3500061035156,4.5320000648498535,2.2820000648498535,0.0
298.7335205078125,300.3500061035156,4.534999847412109,2.3239998817443848,0.0
298.73272705078125,300.3500061035156,4.526000022888184,2.306999921798706,0.0
298.8319091796875,300.45001220703125,4.534999847412109,2.3550000190734863,0.0
298.83111572265625,300.45001220703125,4.538000106811523,2.316999912261963,0.0
298.830322265625,300.45001220703125,4.535999774932861,2.2760000228881836,0.0
298.82952880859375,300.45001220703125,4.5320000648498535,2.25600004196167,0.0
298.8287048339844,300.45001220703125,4.533999919891357,2.2720000743865967,0.0
298.8279113769531,300.45001220703125,4.539000034332275,2.3320000171661377,0.0
298.72711181640625,300.3500061035156,4.540999889373779,2.308000087738037,0.0
298.726318359375,300.3500061035156,4.545000076293945,2.2869999408721924,0.0
298.82550048828125,300.45001220703125,4.533999919891357,2.2880001068115234,0.0
298.7247009277344,300.3500061035156,4.5269999504089355,2.2869999408721924,0.0
298.7239074707031,300.3500061035156,4.539000034332275,2.265000104904175,0.0
298.7231140136719,300.3500061035156,4.53000020980835,2.302000045776367,0.0
298.7222900390625,300.3500061035156,4.534999847412109,2.328000068664551,0.0
298.72149658203125,300.3500061035156,4.531000137329102,2.3389999866485596,0.0
298.8207092285156,300.45001220703125,4.539999961853027,2.2809998989105225,0.0
298.71990966796875,300.3500061035156,4.539999961853027,2.312000036239624,0.0
298.7191162109375,300.3500061035156,4.539000034332275,2.2839999198913574,0.0
298.7182922363281,300.3500061035156,4.531000137329102,2.3529999256134033,0.0
298.8175048828125,300.45001220703125,4.5329999923706055,2.325000047683716,0.0
298.91668701171875,300.54998779296875,4.534999847412109,2.3010001182556152,0.0
298.9158935546875,300.54998779296875,4.546999931335449,2.3329999446868896,0.0
298.9150695800781,300.54998779296875,4.545000076293945,2.321000099182129,0.0
298.9142761230469,300.54998779296875,4.541999816894531,2.322000026702881,0.0
298.8135070800781,300.45001220703125,4.5269999504089355,2.25600004196167,0.0
298.8127136230469,300.45001220703125,4.5289998054504395,2.3340001106262207,0.0
298.8118896484375,300.45001220703125,4.531000137329102,2.2769999504089355,0.0
298.81109619140625,300.45001220703125,4.531000137329102,2.2019999027252197,0.0
298.7102966308594,300.3500061035156,4.539000034332275,2.316999912261963,0.0
298.80950927734375,300.45001220703125,4.526000022888184,2.2300000190734863,0.0
298.70867919921875,300.3500061035156,4.5289998054504395,2.256999969482422,0.0
298.7078857421875,300.3500061035156,4.538000106811523,2.2909998893737793,0.0
298.8070983886719,300.45001220703125,4.546000003814697,2.3350000381469727,0.0
298.8063049316406,300.45001220703125,4.5329999923706055,2.2699999809265137,0.0
298.70550537109375,300.3500061035156,4.533999919891357,2.2739999294281006,0.0
298.7046813964844,300.3500061035156,4.534999847412109,2.2760000228881836,0.0
298.7038879394531,300.3500061035156,4.538000106811523,2.2660000324249268,0.0
298.7030944824219,300.3500061035156,4.5370001792907715,2.325000047683716,0.0
298.80230712890625,300.45001220703125,4.538000106811523,2.2839999198913574,0.0
298.70147705078125,300.3500061035156,4.5370001792907715,2.2730000019073486,0.0
298.9006652832031,300.54998779296875,4.521999835968018,2.3369998931884766,0.0
298.69989013671875,300.3500061035156,4.538000106811523,2.299999952316284,0.0
298.6990966796875,300.3500061035156,4.5320000648498535,2.2899999618530273,0.0
298.79827880859375,300.45001220703125,4.53000020980835,2.2699999809265137,0.0
298.7974853515625,300.45001220703125,4.540999889373779,2.2809998989105225,0.0
298.79669189453125,300.45001220703125,4.5329999923706055,2.2909998893737793,0.0
298.6958923339844,300.3500061035156,4.545000076293945,2.4100000858306885,0.0
298.695068359375,300.3500061035156,4.539000034332275,2.259000062942505,0.0
298.69427490234375,300.3500061035156,4.538000106811523,2.3420000076293945,0.0
298.6934814453125,300.3500061035156,4.539999961853027,2.3929998874664307,0.0
298.7926940917969,300.45001220703125,4.5370001792907715,2.309999942779541,0.0
298.69189453125,300.3500061035156,4.5289998054504395,2.319000005722046,0.0
298.6910705566406,300.3500061035156,4.5370001792907715,2.2850000858306885,0.0
298.790283203125,300.45001220703125,4.5269999504089355,2.308000087738037,0.0
298.6894836425781,300.3500061035156,4.5289998054504395,2.2909998893737793,0.0
298.6886901855469,300.3500061035156,4.539000034332275,2.2639999389648438,0.0
298.7878723144531,300.45001220703125,4.541999816894531,2.3369998931884766,0.0
298.7870788574219,300.45001220703125,4.5329999923706055,2.2799999713897705,0.0
298.8862609863281,300.54998779296875,4.544000148773193,2.265000104904175,0.0
298.8854675292969,300.54998779296875,4.541999816894531,2.3310000896453857,0.0
298.6846618652344,300.3500061035156,4.53000020980835,2.2739999294281006,0.0
298.6838684082031,300.3500061035156,4.540999889373779,2.2980000972747803,0.0
298.58306884765625,300.25,4.540999889373779,2.2880001068115234,0.0
298.6822814941406,300.3500061035156,4.546999931335449,2.2709999084472656,0.0
298.68145751953125,300.3500061035156,4.533999919891357,2.3239998817443848,0.0
298.7806701660156,300.45001220703125,4.539000034332275,2.2899999618530273,0.0
298.7798767089844,300.45001220703125,4.533999919891357,2.364000082015991,0.0
298.7790832519531,300.45001220703125,4.539000034332275,2.319999933242798,0.0
298.8782653808594,300.54998779296875,4.540999889373779,2.3010001182556152,0.0
298.87744140625,300.54998779296875,4.539999961853027,2.299999952316284,0.0
298.87664794921875,300.54998779296875,4.5329999923706055,2.2750000953674316,0.0
298.6758728027344,300.3500061035156,4.5329999923706055,2.2960000038146973,0.0
298.77508544921875,300.45001220703125,4.544000148773193,2.2899999618530273,0.0
298.5742492675781,300.25,4.545000076293945,2.2709999084472656,0.0
298.6734619140625,300.3500061035156,4.539000034332275,2.315999984741211,0.0
298.7726745605469,300.45001220703125,4.544000148773193,2.2809998989105225,0.0
298.671875,300.3500061035156,4.5370001792907715,2.318000078201294,0.0
298.6710510253906,300.3500061035156,4.535999774932861,2.3269999027252197,0.0
298.6702575683594,300.3500061035156,4.540999889373779,2.2960000038146973,0.0
298.6694641113281,300.3500061035156,4.5329999923706055,2.3310000896453857,0.0
298.56866455078125,300.25,4.533999919891357,2.305000066757202,0.0
298.7678527832031,300.45001220703125,4.546000003814697,2.3429999351501465,0.0
298.7670593261719,300.45001220703125,4.539999961853027,2.2820000648498535,0.0
298.7662658691406,300.45001220703125,4.533999919891357,2.322999954223633,0.0
298.66546630859375,300.3500061035156,4.5279998779296875,2.255000114440918,0.0
298.6646728515625,300.3500061035156,4.541999816894531,2.2699999809265137,0.0
298.6638488769531,300.3500061035156,4.539000034332275,2.260999917984009,0.0
298.7630615234375,300.45001220703125,4.540999889373779,2.259999990463257,0.0
298.6622619628906,300.3500061035156,4.543000221252441,2.2769999504089355,0.0
298.6614685058594,300.3500061035156,4.5320000648498535,2.3329999446868896,0.0
298.66064453125,300.3500061035156,4.5370001792907715,2.3359999656677246,0.0
298.7598571777344,300.45001220703125,4.540999889373779,2.2699999809265137,0.0
298.6590576171875,300.3500061035156,4.5269999504089355,2.328000068664551,0.0
298.65826416015625,300.3500061035156,4.545000076293945,2.313999891281128,0.0
298.6574401855469,300.3500061035156,4.5289998054504395,2.2850000858306885,0.0
298.6566467285156,300.3500061035156,4.545000076293945,2.322000026702881,0.0
298.6558532714844,300.3500061035156,4.5289998054504395,2.2639999389648438,0.0
298.6550598144531,300.3500061035156,4.535999774932861,2.2720000743865967,0.0
298.7542419433594,300.45001220703125,4.5329999923706055,2.263000011444092,0.0
298.6534423828125,300.3500061035156,4.5269999504089355,2.265000104904175,0.0
298.7526550292969,300.45001220703125,4.5269999504089355,2.3580000400543213,0.0
298.65185546875,300.3500061035156,4.541999816894531,2.2839999198913574,0.0
298.65106201171875,300.3500061035156,4.535999774932861,2.296999931335449,0.0
298.6502380371094,300.3500061035156,4.533999919891357,2.2850000858306885,0.0
298.6494445800781,300.3500061035156,4.533999919891357,2.3359999656677246,0.0
298.6486511230469,300.3500061035156,4.5320000648498535,2.2639999389648438,0.0
298.6478576660156,300.3500061035156,4.5320000648498535,2.3359999656677246,0.0
298.64703369140625,300.3500061035156,4.5289998054504395,2.322999954223633,0.0
298.7462463378906,300.45001220703125,4.539999961853027,2.328000068664551,0.0
298.64544677734375,300.3500061035156,4.5370001792907715,2.3259999752044678,0.0
298.7446594238281,300.45001220703125,4.544000148773193,2.3289999961853027,0.0
298.74383544921875,300.45001220703125,4.533999919891357,2.2909998893737793,0.0
298.7430419921875,300.45001220703125,4.538000106811523,2.2679998874664307,0.0
298.74224853515625,300.45001220703125,4.539999961853027,2.2890000343322754,0.0
298.741455078125,300.45001220703125,4.533999919891357,2.246999979019165,0.0
298.640625,300.3500061035156,4.544000148773193,2.3410000801086426,0.0
298.7398376464844,300.45001220703125,4.5370001792907715,2.3340001106262207,0.0
298.7390441894531,300.45001220703125,4.53000020980835,2.2790000438690186,0.0
298.7382507324219,300.45001220703125,4.540999889373779,2.3410000801086426,0.0
298.7374572753906,300.45001220703125,4.547999858856201,2.322000026702881,0.0
298.73663330078125,300.45001220703125,4.543000221252441,2.255000114440918,0.0
298.8358154296875,300.54998779296875,4.544000148773193,2.3269999027252197,0.0
298.83502197265625,300.54998779296875,4.5320000648498535,2.2179999351501465,0.0
298.834228515625,300.54998779296875,4.543000221252441,2.328000068664551,0.0
298.7334289550781,300.45001220703125,4.539999961853027,2.2820000648498535,0.0
298.7326354980469,300.45001220703125,4.534999847412109,2.2660000324249268,0.0
298.7318420410156,300.45001220703125,4.552999973297119,2.2790000438690186,0.0
298.7310485839844,300.45001220703125,4.543000221252441,2.2690000534057617,0.0
298.730224609375,300.45001220703125,4.552000045776367,2.372999906539917,0.0
298.72943115234375,300.45001220703125,4.544000148773193,2.3289999961853027,0.0
298.82861328125,300.54998779296875,4.539999961853027,2.2869999408721924,0.0
298.82781982421875,300.54998779296875,4.541999816894531,2.2809998989105225,0.0
298.8269958496094,300.54998779296875,4.543000221252441,2.3350000381469727,0.0
298.8262023925781,300.54998779296875,4.547999858856201,2.265000104904175,0.0
298.8254089355469,300.54998779296875,4.533999919891357,2.3429999351501465,0.0
298.8246154785156,300.54998779296875,4.553999900817871,2.2679998874664307,0.0
298.8238220214844,300.54998779296875,4.544000148773193,2.253999948501587,0.0
298.822998046875,300.54998779296875,4.546999931335449,2.3259999752044678,0.0
298.82220458984375,300.54998779296875,4.541999816894531,2.259999990463257,0.0
298.8214111328125,300.54998779296875,4.545000076293945,2.2669999599456787,0.0
298.82061767578125,300.54998779296875,4.553999900817871,2.3320000171661377,0.0
298.8197937011719,300.54998779296875,4.546000003814697,2.2739999294281006,0.0
298.8190002441406,300.54998779296875,4.539000034332275,2.308000087738037,0.0
298.8182067871094,300.54998779296875,4.539000034332275,2.302999973297119,0.0
298.8174133300781,300.54998779296875,4.552000045776367,2.3299999237060547,0.0
298.71661376953125,300.45001220703125,4.546000003814697,2.322999954223633,0.0
298.6158142089844,300.3500061035156,4.546000003814697,2.322999954223633,0.0
298.6150207519531,300.3500061035156,4.550000190734863,2.312999963760376,0.0
298.6142272949219,300.3500061035156,4.546999931335449,2.260999917984009,0.0
298.6134033203125,300.3500061035156,4.546999931335449,2.252000093460083,0.0
298.8125915527344,300.54998779296875,4.550000190734863,2.319000005722046,0.0
298.8117980957031,300.54998779296875,4.551000118255615,2.3380000591278076,0.0
298.8110046386719,300.54998779296875,4.548999786376953,2.296999931335449,0.0
298.8102111816406,300.54998779296875,4.543000221252441,2.2660000324249268,0.0
298.80938720703125,300.54998779296875,4.551000118255615,2.2660000324249268,0.0
298.9085998535156,300.6499938964844,4.551000118255615,2.2360000610351562,0.0
298.80780029296875,300.54998779296875,4.539000034332275,2.3340001106262207,0.0
298.8070068359375,300.54998779296875,4.543000221252441,2.2990000247955322,0.0
298.8061828613281,300.54998779296875,4.546000003814697,2.2679998874664307,0.0
298.8053894042969,300.54998779296875,4.543000221252441,2.2909998893737793,0.0
298.8045959472656,300.54998779296875,4.544000148773193,2.3010001182556152,0.0
298.8038024902344,300.54998779296875,4.557000160217285,2.26200008392334,0.0
298.802978515625,300.54998779296875,4.544000148773193,2.3469998836517334,0.0
298.80218505859375,300.54998779296875,4.551000118255615,2.3239998817443848,0.0
298.8013916015625,300.54998779296875,4.544000148773193,2.2850000858306885,0.0
298.80059814453125,300.54998779296875,4.544000148773193,2.322000026702881,0.0
298.7997741699219,300.54998779296875,4.553999900817871,2.3369998931884766,0.0
298.7989807128906,300.54998779296875,4.552000045776367,2.3469998836517334,0.0
298.7981872558594,300.54998779296875,4.539999961853027,2.25600004196167,0.0
298.7973937988281,300.54998779296875,4.547999858856201,2.3259999752044678,0.0
298.79656982421875,300.54998779296875,4.541999816894531,2.2639999389648438,0.0
298.8957824707031,300.6499938964844,4.546000003814697,2.306999921798706,0.0
298.69500732421875,300.45001220703125,4.552999973297119,2.3429999351501465,0.0
298.6942138671875,300.45001220703125,4.539999961853027,2.259999990463257,0.0
298.69342041015625,300.45001220703125,4.550000190734863,2.321000099182129,0.0
298.6925964355469,300.45001220703125,4.541999816894531,2.2660000324249268,0.0
298.6918029785156,300.45001220703125,4.548999786376953,2.25,0.0
298.6910095214844,300.45001220703125,4.540999889373779,2.303999900817871,0.0
298.7901916503906,300.54998779296875,4.550000190734863,2.325000047683716,0.0
298.8893737792969,300.6499938964844,4.545000076293945,2.259999990463257,0.0
298.78857421875,300.54998779296875,4.546999931335449,2.3380000591278076,0.0
298.78778076171875,300.54998779296875,4.556000232696533,2.2660000324249268,0.0
298.7869873046875,300.54998779296875,4.556000232696533,2.25,0.0
298.7861633300781,300.54998779296875,4.540999889373779,2.236999988555908,0.0
298.7853698730469,300.54998779296875,4.550000190734863,2.2880001068115234,0.0
298.7845764160156,300.54998779296875,4.552999973297119,2.3350000381469727,0.0
298.7837829589844,300.54998779296875,4.551000118255615,2.3420000076293945,0.0
298.782958984375,300.54998779296875,4.546000003814697,2.1760001182556152,0.0
298.8821716308594,300.6499938964844,4.548999786376953,2.3239998817443848,0.0
298.8813781738281,300.6499938964844,4.554999828338623,2.319000005722046,0.0
298.78057861328125,300.54998779296875,4.548999786376953,2.2660000324249268,0.0
298.77978515625,300.54998779296875,4.547999858856201,2.312999963760376,0.0
298.87896728515625,300.6499938964844,4.551000118255615,2.305999994277954,0.0
298.9781799316406,300.75,4.550000190734863,2.2880001068115234,0.0
298.87738037109375,300.6499938964844,4.553999900817871,2.3380000591278076,0.0
298.7765808105469,300.54998779296875,4.546000003814697,2.3369998931884766,0.0
298.97576904296875,300.75,4.550000190734863,2.246000051498413,0.0
298.8749694824219,300.6499938964844,4.554999828338623,2.2660000324249268,0.0
298.8741760253906,300.6499938964844,4.547999858856201,2.3369998931884766,0.0
298.77337646484375,300.54998779296875,4.548999786376953,2.325000047683716,0.0
298.7725524902344,300.54998779296875,4.543000221252441,2.3259999752044678,0.0
298.7717590332031,300.54998779296875,4.546999931335449,2.2980000972747803,0.0
298.8709716796875,300.6499938964844,4.539999961853027,2.2309999465942383,0.0
298.7701721191406,300.54998779296875,4.551000118255615,2.3550000190734863,0.0
298.8693542480469,300.6499938964844,4.545000076293945,2.3010001182556152,0.0
298.8685607910156,300.6499938964844,4.540999889373779,2.250999927520752,0.0
298.8677673339844,300.6499938964844,4.543000221252441,2.236999988555908,0.0
298.8669738769531,300.6499938964844,4.548999786376953,2.299999952316284,0.0
298.8661804199219,300.6499938964844,4.548999786376953,2.2909998893737793,0.0
298.8653564453125,300.6499938964844,4.546999931335449,2.2829999923706055,0.0
298.86456298828125,300.6499938964844,4.539000034332275,2.250999927520752,0.0
298.86376953125,300.6499938964844,4.552000045776367,2.3289999961853027,0.0
298.86297607421875,300.6499938964844,4.548999786376953,2.265000104904175,0.0
298.76214599609375,300.54998779296875,4.543000221252441,2.303999900817871,0.0
298.96136474609375,300.75,4.533999919891357,2.2880001068115234,0.0
298.8605651855469,300.6499938964844,4.546000003814697,2.3340001106262207,0.0
298.759765625,300.54998779296875,4.546000003814697,2.319000005722046,0.0
298.85894775390625,300.6499938964844,4.546000003814697,2.316999912261963,0.0
298.858154296875,300.6499938964844,4.544000148773193,2.3269999027252197,0.0
298.9573669433594,300.75,4.556000232696533,2.3320000171661377,0.0
298.7565612792969,300.54998779296875,4.566999912261963,2.3389999866485596,0.0
299.0557556152344,300.8500061035156,4.552000045776367,2.3010001182556152,0.0
298.8549499511719,300.6499938964844,4.552999973297119,2.3420000076293945,0.0
298.8541564941406,300.6499938964844,4.552999973297119,2.3239998817443848,0.0
298.953369140625,300.75,4.546999931335449,2.2699999809265137,0.0
298.7525634765625,300.54998779296875,4.559999942779541,2.316999912261963,0.0
298.9517517089844,300.75,4.546999931335449,2.2980000972747803,0.0
298.7509460449219,300.54998779296875,4.547999858856201,2.3329999446868896,0.0
298.9501647949219,300.75,4.552999973297119,2.3380000591278076,0.0
298.849365234375,300.6499938964844,4.547999858856201,2.259000062942505,0.0
298.74853515625,300.54998779296875,4.547999858856201,2.3550000190734863,0.0
298.8477478027344,300.6499938964844,4.554999828338623,2.3269999027252197,0.0
298.8469543457031,300.6499938964844,4.546999931335449,2.302999973297119,0.0
298.8461608886719,300.6499938964844,4.551000118255615,2.3480000495910645,0.0
298.9453430175781,300.75,4.553999900817871,2.315000057220459,0.0
298.9445495605469,300.75,4.550000190734863,2.263000011444092,0.0
298.84375,300.6499938964844,4.551000118255615,2.3380000591278076,0.0
298.84295654296875,300.6499938964844,4.547999858856201,2.2939999103546143,0.0
298.8421325683594,300.6499938964844,4.554999828338623,2.2909998893737793,0.0
298.8413391113281,300.6499938964844,4.552000045776367,2.3320000171661377,0.0
298.8405456542969,300.6499938964844,4.547999858856201,2.3410000801086426,0.0
298.8397521972656,300.6499938964844,4.553999900817871,2.328000068664551,0.0
298.8389587402344,300.6499938964844,4.552999973297119,2.2720000743865967,0.0
298.838134765625,300.6499938964844,4.563000202178955,2.2950000762939453,0.0
298.83734130859375,300.6499938964844,4.552000045776367,2.2699999809265137,0.0
298.8365478515625,300.6499938964844,4.554999828338623,2.319000005722046,0.0
298.7357482910156,300.54998779296875,4.552000045776367,2.2990000247955322,0.0
298.73492431640625,300.54998779296875,4.548999786376953,2.253000020980835,0.0
298.734130859375,300.54998779296875,4.552999973297119,2.3340001106262207,0.0
298.8333435058594,300.6499938964844,4.557000160217285,2.2679998874664307,0.0
298.8325500488281,300.6499938964844,4.559999942779541,2.3450000286102295,0.0
298.9317321777344,300.75,4.548999786376953,2.2950000762939453,0.0
298.8309326171875,300.6499938964844,4.552000045776367,2.322000026702881,0.0
298.83013916015625,300.6499938964844,4.561999797821045,2.319999933242798,0.0
298.829345703125,300.6499938964844,4.551000118255615,2.3299999237060547,0.0
298.92852783203125,300.75,4.556000232696533,2.319000005722046,0.0
298.927734375,300.75,4.544000148773193,2.259000062942505,0.0
298.8269348144531,300.6499938964844,4.558000087738037,2.2730000019073486,0.0
298.72613525390625,300.54998779296875,4.561999797821045,2.2699999809265137,0.0
298.92535400390625,300.75,4.552999973297119,2.2799999713897705,0.0
299.0245361328125,300.8500061035156,4.561999797821045,2.309999942779541,0.0
299.02374267578125,300.8500061035156,4.550000190734863,2.2809998989105225,0.0
298.82293701171875,300.6499938964844,4.548999786376953,2.2869999408721924,0.0
298.9221496582031,300.75,4.546999931335449,2.260999917984009,0.0
298.8213195800781,300.6499938964844,4.554999828338623,2.2639999389648438,0.0
298.9205322265625,300.75,4.552999973297119,2.263000011444092,0.0
298.8197326660156,300.6499938964844,4.551000118255615,2.25,0.0
298.9189453125,300.75,4.550000190734863,2.265000104904175,0.0
298.818115234375,300.6499938964844,4.553999900817871,2.312999963760376,0.0
298.9173278808594,300.75,4.544000148773193,2.312000036239624,0.0
298.8165283203125,300.6499938964844,4.547999858856201,2.319999933242798,0.0
298.81573486328125,300.6499938964844,4.565999984741211,2.3340001106262207,0.0
298.8149108886719,300.6499938964844,4.544000148773193,2.2990000247955322,0.0
298.714111328125,300.54998779296875,4.551000118255615,2.2890000343322754,0.0
298.8133239746094,300.6499938964844,4.559000015258789,2.3359999656677246,0.0
298.8125305175781,300.6499938964844,4.566999912261963,2.328000068664551,0.0
298.71173095703125,300.54998779296875,4.561999797821045,2.2760000228881836,0.0
298.7109069824219,300.54998779296875,4.546000003814697,2.2990000247955322,0.0
298.81011962890625,300.6499938964844,4.559000015258789,2.3329999446868896,0.0
298.809326171875,300.6499938964844,4.556000232696533,2.3310000896453857,0.0
298.80853271484375,300.6499938964844,4.565999984741211,2.311000108718872,0.0
298.8077087402344,300.6499938964844,4.556000232696533,2.2860000133514404,0.0
298.90692138671875,300.75,4.564000129699707,2.3010001182556152,0.0
298.8061218261719,300.6499938964844,4.551000118255615,2.259000062942505,0.0
298.90533447265625,300.75,4.547999858856201,2.2860000133514404,0.0
298.9045104980469,300.75,4.557000160217285,2.2730000019073486,0.0
298.8037109375,300.6499938964844,4.553999900817871,2.328000068664551,0.0
298.7029113769531,300.54998779296875,4.546999931335449,2.2709999084472656,0.0
298.7021179199219,300.54998779296875,4.561999797821045,2.2709999084472656,0.0
298.90130615234375,300.75,4.553999900817871,2.3320000171661377,0.0
298.8005065917969,300.6499938964844,4.551000118255615,2.256999969482422,0.0
298.89971923828125,300.75,4.544000148773193,2.256999969482422,0.0
298.7989196777344,300.6499938964844,4.551000118255615,2.312999963760376,0.0
298.7981262207031,300.6499938964844,4.552000045776367,2.2799999713897705,0.0
298.8973083496094,300.75,4.561999797821045,2.3389999866485596,0.0
298.6965026855469,300.54998779296875,4.553999900817871,2.25600004196167,0.0
298.79571533203125,300.6499938964844,4.546999931335449,2.3269999027252197,0.0
298.794921875,300.6499938964844,4.552000045776367,2.2890000343322754,0.0
298.694091796875,300.54998779296875,4.546999931335449,2.312000036239624,0.0
298.7933044433594,300.6499938964844,4.559000015258789,2.256999969482422,0.0
298.6925048828125,300.54998779296875,4.547999858856201,2.365000009536743,0.0
298.7917175292969,300.6499938964844,4.554999828338623,2.2929999828338623,0.0
298.8908996582031,300.75,4.552999973297119,2.3380000591278076,0.0
298.79010009765625,300.6499938964844,4.551000118255615,2.2669999599456787,0.0
298.789306640625,300.6499938964844,4.550000190734863,2.263000011444092,0.0
298.78851318359375,300.6499938964844,4.552999973297119,2.3269999027252197,0.0
298.7876892089844,300.6499938964844,4.552999973297119,2.2730000019073486,0.0
298.6868896484375,300.54998779296875,4.539999961853027,2.2699999809265137,0.0
298.7861022949219,300.6499938964844,4.544000148773193,2.2730000019073486,0.0
298.7853088378906,300.6499938964844,4.546000003814697,2.246999979019165,0.0
298.7845153808594,300.6499938964844,4.556000232696533,2.3289999961853027,0.0
298.78369140625,300.6499938964844,4.554999828338623,2.325000047683716,0.0
298.78289794921875,300.6499938964844,4.556000232696533,2.315999984741211,0.0
298.7821044921875,300.6499938964844,4.550000190734863,2.2679998874664307,0.0
298.78131103515625,300.6499938964844,4.551000118255615,2.25600004196167,0.0
298.8804931640625,300.75,4.552000045776367,2.3610000610351562,0.0
298.9797058105469,300.8500061035156,4.550000190734863,2.2869999408721924,0.0
298.7789001464844,300.6499938964844,4.546000003814697,2.3289999961853027,0.0
298.7781066894531,300.6499938964844,4.548999786376953,2.306999921798706,0.0
298.8772888183594,300.75,4.566999912261963,2.315999984741211,0.0
298.8764953613281,300.75,4.559999942779541,2.255000114440918,0.0
298.8757019042969,300.75,4.550000190734863,2.2809998989105225,0.0
298.77490234375,300.6499938964844,4.544000148773193,2.265000104904175,0.0
298.7740783691406,300.6499938964844,4.546999931335449,2.2709999084472656,0.0
298.67327880859375,300.54998779296875,4.560999870300293,2.2669999599456787,0.0
298.6724853515625,300.54998779296875,4.558000087738037,2.3259999752044678,0.0
298.7716979980469,300.6499938964844,4.552000045776367,2.3389999866485596,0.0
298.7709045410156,300.6499938964844,4.554999828338623,2.3010001182556152,0.0
298.77008056640625,300.6499938964844,4.560999870300293,2.3550000190734863,0.0
298.769287109375,300.6499938964844,4.553999900817871,2.2809998989105225,0.0
298.8684997558594,300.75,4.559000015258789,2.313999891281128,0.0
298.8677062988281,300.75,4.547999858856201,2.2660000324249268,0.0
298.86688232421875,300.75,4.547999858856201,2.2669999599456787,0.0
298.7660827636719,300.6499938964844,4.552000045776367,2.3239998817443848,0.0
298.7652893066406,300.6499938964844,4.557000160217285,2.2739999294281006,0.0
298.9645080566406,300.8500061035156,4.553999900817871,2.2739999294281006,0.0
298.763671875,300.6499938964844,4.553999900817871,2.3299999237060547,0.0
298.8628845214844,300.75,4.557000160217285,2.3350000381469727,0.0
298.96209716796875,300.8500061035156,4.554999828338623,2.318000078201294,0.0
298.76129150390625,300.6499938964844,4.548999786376953,2.2669999599456787,0.0
298.7604675292969,300.6499938964844,4.557000160217285,2.2320001125335693,0.0
298.7596740722656,300.6499938964844,4.564000129699707,2.3259999752044678,0.0
298.9588928222656,300.8500061035156,4.558000087738037,2.305000066757202,0.0
298.9580993652344,300.8500061035156,4.564000129699707,2.250999927520752,0.0
298.9573059082031,300.8500061035156,4.551000118255615,2.2690000534057617,0.0
298.95648193359375,300.8500061035156,4.568999767303467,2.2699999809265137,0.0
298.9556884765625,300.8500061035156,4.559000015258789,2.2929999828338623,0.0
298.95489501953125,300.8500061035156,4.554999828338623,2.2860000133514404,0.0
298.9541015625,300.8500061035156,4.552999973297119,2.3350000381469727,0.0
298.9532775878906,300.8500061035156,4.561999797821045,2.257999897003174,0.0
298.7524719238281,300.6499938964844,4.561999797821045,2.312000036239624,0.0
298.7516784667969,300.6499938964844,4.553999900817871,2.2809998989105225,0.0
298.7508850097656,300.6499938964844,4.560999870300293,2.328000068664551,0.0
298.8500671386719,300.75,4.559000015258789,2.2730000019073486,0.0
298.8492736816406,300.75,4.546000003814697,2.2760000228881836,0.0
298.948486328125,300.8500061035156,4.557000160217285,2.322999954223633,0.0
298.94769287109375,300.8500061035156,4.552000045776367,2.257999897003174,0.0
298.84686279296875,300.75,4.565000057220459,2.2780001163482666,0.0
298.8460693359375,300.75,4.554999828338623,2.2890000343322754,0.0
298.84527587890625,300.75,4.558000087738037,2.26200008392334,0.0
298.844482421875,300.75,4.559000015258789,2.3359999656677246,0.0
298.84368896484375,300.75,4.572000026702881,2.3269999027252197,0.0
298.94287109375,300.8500061035156,4.556000232696533,2.250999927520752,0.0
298.94207763671875,300.8500061035156,4.558000087738037,2.3420000076293945,0.0
298.9412841796875,300.8500061035156,4.558000087738037,2.2330000400543213,0.0
298.94049072265625,300.8500061035156,4.570000171661377,2.3429999351501465,0.0
298.9396667480469,300.8500061035156,4.563000202178955,2.3369998931884766,0.0
298.9388732910156,300.8500061035156,4.565000057220459,2.255000114440918,0.0
298.83807373046875,300.75,4.576000213623047,2.3559999465942383,0.0
298.8372802734375,300.75,4.553999900817871,2.259999990463257,0.0
298.8364562988281,300.75,4.553999900817871,2.2669999599456787,0.0
298.8356628417969,300.75,4.547999858856201,2.3259999752044678,0.0
298.8348693847656,300.75,4.560999870300293,2.2820000648498535,0.0
298.8340759277344,300.75,4.566999912261963,2.309000015258789,0.0
299.03326416015625,300.95001220703125,4.553999900817871,2.2929999828338623,0.0
299.032470703125,300.95001220703125,4.561999797821045,2.2639999389648438,0.0
298.9316711425781,300.8500061035156,4.556000232696533,2.3389999866485596,0.0
298.9308776855469,300.8500061035156,4.564000129699707,2.3340001106262207,0.0
298.9300842285156,300.8500061035156,4.558000087738037,2.325000047683716,0.0
299.0292663574219,300.95001220703125,4.559999942779541,2.3350000381469727,0.0
298.928466796875,300.8500061035156,4.553999900817871,2.2750000953674316,0.0
298.92767333984375,300.8500061035156,4.565000057220459,2.3499999046325684,0.0
298.9268798828125,300.8500061035156,4.558000087738037,2.256999969482422,0.0
298.7260437011719,300.6499938964844,4.566999912261963,2.3450000286102295,0.0
298.82525634765625,300.75,4.556000232696533,2.257999897003174,0.0
298.824462890625,300.75,4.561999797821045,2.2699999809265137,0.0
299.023681640625,300.95001220703125,4.553999900817871,2.2739999294281006,0.0
298.9228515625,300.8500061035156,4.551000118255615,2.3559999465942383,0.0
298.92205810546875,300.8500061035156,4.559999942779541,2.256999969482422,0.0
298.9212646484375,300.8500061035156,4.560999870300293,2.2809998989105225,0.0
298.92047119140625,300.8500061035156,4.581999778747559,2.365000009536743,0.0
298.9196472167969,300.8500061035156,4.553999900817871,2.2820000648498535,0.0
298.9188537597656,300.8500061035156,4.547999858856201,2.249000072479248,0.0
298.7180480957031,300.6499938964844,4.558000087738037,2.188999891281128,0.0
298.7172546386719,300.6499938964844,4.570000171661377,2.2950000762939453,0.0
298.81646728515625,300.75,4.563000202178955,2.2820000648498535,0.0
298.8156433105469,300.75,4.556000232696533,2.3410000801086426,0.0
298.8148498535156,300.75,4.563000202178955,2.325000047683716,0.0
298.8140563964844,300.75,4.559999942779541,2.319999933242798,0.0
298.8132629394531,300.75,4.558000087738037,2.3450000286102295,0.0
298.81243896484375,300.75,4.552999973297119,2.2799999713897705,0.0
298.8116455078125,300.75,4.556000232696533,2.2769999504089355,0.0
298.81085205078125,300.75,4.564000129699707,2.2699999809265137,0.0
298.81005859375,300.75,4.565999984741211,2.2950000762939453,0.0
298.90924072265625,300.8500061035156,4.559000015258789,2.372999906539917,0.0
299.1084289550781,301.04998779296875,4.570000171661377,2.3010001182556152,0.0
299.1076354980469,301.04998779296875,4.563000202178955,2.3510000705718994,0.0
298.9068603515625,300.8500061035156,4.553999900817871,2.322999954223633,0.0
298.9060363769531,300.8500061035156,4.552000045776367,2.315999984741211,0.0
298.9052429199219,300.8500061035156,4.564000129699707,2.3369998931884766,0.0
299.00445556640625,300.95001220703125,4.563000202178955,2.312999963760376,0.0
298.9036560058594,300.8500061035156,4.561999797821045,2.253000020980835,0.0
299.10284423828125,301.04998779296875,4.552999973297119,2.3299999237060547,0.0
299.0020446777344,300.95001220703125,4.561999797821045,2.2799999713897705,0.0
299.0012512207031,300.95001220703125,4.565999984741211,2.315000057220459,0.0
298.8004455566406,300.75,4.559000015258789,2.2839999198913574,0.0
298.7996520996094,300.75,4.563000202178955,2.2980000972747803,0.0
298.798828125,300.75,4.564000129699707,2.322999954223633,0.0
298.79803466796875,300.75,4.559000015258789,2.319999933242798,0.0
298.8972473144531,300.8500061035156,4.565999984741211,2.302999973297119,0.0
298.8964538574219,300.8500061035156,4.568999767303467,2.3299999237060547,0.0
299.19561767578125,301.1499938964844,4.559999942779541,2.322999954223633,0.0
299.0948181152344,301.04998779296875,4.566999912261963,2.315999984741211,0.0
298.9940490722656,300.95001220703125,4.567999839782715,2.3259999752044678,0.0
298.9932556152344,300.95001220703125,4.567999839782715,2.313999891281128,0.0
298.992431640625,300.95001220703125,4.561999797821045,2.2730000019073486,0.0
298.99163818359375,300.95001220703125,4.567999839782715,2.2780001163482666,0.0
298.9908447265625,300.95001220703125,4.561999797821045,2.3289999961853027,0.0
298.99005126953125,300.95001220703125,4.567999839782715,2.322999954223633,0.0
298.8892517089844,300.8500061035156,4.564000129699707,2.2320001125335693,0.0
298.9884338378906,300.95001220703125,4.564000129699707,2.265000104904175,0.0
298.9876403808594,300.95001220703125,4.561999797821045,2.296999931335449,0.0
298.9868469238281,300.95001220703125,4.566999912261963,2.315999984741211,0.0
298.9860534667969,300.95001220703125,4.570000171661377,2.322999954223633,0.0
298.9852294921875,300.95001220703125,4.577000141143799,2.3310000896453857,0.0
298.98443603515625,300.95001220703125,4.565999984741211,2.3519999980926514,0.0
298.983642578125,300.95001220703125,4.570000171661377,2.2850000858306885,0.0
298.98284912109375,300.95001220703125,4.554999828338623,2.253999948501587,0.0
298.9820251464844,300.95001220703125,4.570000171661377,2.2730000019073486,0.0
298.9812316894531,300.95001220703125,4.560999870300293,2.2820000648498535,0.0
298.9804382324219,300.95001220703125,4.563000202178955,2.2750000953674316,0.0
298.9796447753906,300.95001220703125,4.570000171661377,2.315000057220459,0.0
298.97882080078125,300.95001220703125,4.566999912261963,2.3299999237060547,0.0
298.97802734375,300.95001220703125,4.565999984741211,2.3399999141693115,0.0
298.97723388671875,300.95001220703125,4.566999912261963,2.2750000953674316,0.0
298.9764404296875,300.95001220703125,4.572999954223633,2.3570001125335693,0.0
298.97564697265625,300.95001220703125,4.568999767303467,2.315000057220459,0.0
298.9748229980469,300.95001220703125,4.572999954223633,2.308000087738037,0.0
299.0740051269531,301.04998779296875,4.567999839782715,2.3510000705718994,0.0
299.0732116699219,301.04998779296875,4.567999839782715,2.306999921798706,0.0
299.0724182128906,301.04998779296875,4.573999881744385,2.2699999809265137,0.0
299.07159423828125,301.04998779296875,4.560999870300293,2.303999900817871,0.0
299.07080078125,301.04998779296875,4.565000057220459,2.2690000534057617,0.0
299.07000732421875,301.04998779296875,4.566999912261963,2.2850000858306885,0.0
299.0692138671875,301.04998779296875,4.572999954223633,2.3380000591278076,0.0
299.0683898925781,301.04998779296875,4.570000171661377,2.3459999561309814,0.0
299.0675964355469,301.04998779296875,4.570000171661377,2.3440001010894775,0.0
299.0668029785156,301.04998779296875,4.565000057220459,2.3399999141693115,0.0
298.86602783203125,300.8500061035156,4.567999839782715,2.3269999027252197,0.0
298.9652099609375,300.95001220703125,4.551000118255615,2.315000057220459,0.0
298.96441650390625,300.95001220703125,4.559000015258789,2.26200008392334,0.0
298.963623046875,300.95001220703125,4.565000057220459,2.319000005722046,0.0
299.1628112792969,301.1499938964844,4.561999797821045,2.319999933242798,0.0
299.1620178222656,301.1499938964844,4.559999942779541,2.309000015258789,0.0
298.8612060546875,300.8500061035156,4.568999767303467,2.3299999237060547,0.0
298.9604187011719,300.95001220703125,4.567999839782715,2.365999937057495,0.0
298.859619140625,300.8500061035156,4.558000087738037,2.2720000743865967,0.0
298.9588317871094,300.95001220703125,4.564000129699707,2.2769999504089355,0.0
298.9580078125,300.95001220703125,4.574999809265137,2.3399999141693115,0.0
298.95721435546875,300.95001220703125,4.570000171661377,2.2639999389648438,0.0
298.9564208984375,300.95001220703125,4.561999797821045,2.3310000896453857,0.0
298.95562744140625,300.95001220703125,4.563000202178955,2.246000051498413,0.0
298.9548034667969,300.95001220703125,4.566999912261963,2.3399999141693115,0.0
299.15399169921875,301.1499938964844,4.560999870300293,2.2809998989105225,0.0
299.0531921386719,301.04998779296875,4.561999797821045,2.243000030517578,0.0
299.0523986816406,301.04998779296875,4.579999923706055,2.3299999237060547,0.0
299.1515808105469,301.1499938964844,4.570000171661377,2.316999912261963,0.0
299.05078125,301.04998779296875,4.560999870300293,2.3399999141693115,0.0
